mutant,DMS_score,sequence
"N47A,N48A,N49A,N50A",0.3607147139944837,UAAUACGACUCACUAUAGGGCCGCGACUCUAGAAGUGAUGCUCUGCAAAAAUAAUCGCGUGGAUAUGGCACGCAAGUUUCUACCGGGCACCGUAAAUGUCCGACUACUCCUAUUCCGGCACGUCCACGUCGUGCAGAGCGGUAACAUGCGUUACUAGGGGUGCAAGAGCUCUUUUUGAGGAGGAGCUCUUUUUGCUGCACUAGUUGCAUCAGAUGGUAACGCAUGGCUAAGCCGGAAAGGGGGAGAC
"N47A,N48A,N49A,N50C",0.2998418683858411,UAAUACGACUCACUAUAGGGCCGCGACUCUAGAAGUGAUGCUCUGCAAACAUAAUCGCGUGGAUAUGGCACGCAAGUUUCUACCGGGCACCGUAAAUGUCCGACUACUCCUAUUCCGGCACGUCCACGUCGUGCAGAGCGGUAACAUGCGUUACUAGGGGUGCAAGAGCUCUUUUUGAGGAGGAGCUCUUUUUGCUGCACUAGUUGCAUCAGAUGGUAACGCAUGGCUAAGCCGGAAAGGGGGAGAC
"N47A,N48A,N49A,N50G",0.2994284229670044,UAAUACGACUCACUAUAGGGCCGCGACUCUAGAAGUGAUGCUCUGCAAAGAUAAUCGCGUGGAUAUGGCACGCAAGUUUCUACCGGGCACCGUAAAUGUCCGACUACUCCUAUUCCGGCACGUCCACGUCGUGCAGAGCGGUAACAUGCGUUACUAGGGGUGCAAGAGCUCUUUUUGAGGAGGAGCUCUUUUUGCUGCACUAGUUGCAUCAGAUGGUAACGCAUGGCUAAGCCGGAAAGGGGGAGAC
"N47A,N48A,N49A,N50U",0.3103171417101565,UAAUACGACUCACUAUAGGGCCGCGACUCUAGAAGUGAUGCUCUGCAAAUAUAAUCGCGUGGAUAUGGCACGCAAGUUUCUACCGGGCACCGUAAAUGUCCGACUACUCCUAUUCCGGCACGUCCACGUCGUGCAGAGCGGUAACAUGCGUUACUAGGGGUGCAAGAGCUCUUUUUGAGGAGGAGCUCUUUUUGCUGCACUAGUUGCAUCAGAUGGUAACGCAUGGCUAAGCCGGAAAGGGGGAGAC
"N47A,N48A,N49C,N50A",0.1346569421934089,UAAUACGACUCACUAUAGGGCCGCGACUCUAGAAGUGAUGCUCUGCAACAAUAAUCGCGUGGAUAUGGCACGCAAGUUUCUACCGGGCACCGUAAAUGUCCGACUACUCCUAUUCCGGCACGUCCACGUCGUGCAGAGCGGUAACAUGCGUUACUAGGGGUGCAAGAGCUCUUUUUGAGGAGGAGCUCUUUUUGCUGCACUAGUUGCAUCAGAUGGUAACGCAUGGCUAAGCCGGAAAGGGGGAGAC
"N47A,N48A,N49C,N50C",0.1021110242376856,UAAUACGACUCACUAUAGGGCCGCGACUCUAGAAGUGAUGCUCUGCAACCAUAAUCGCGUGGAUAUGGCACGCAAGUUUCUACCGGGCACCGUAAAUGUCCGACUACUCCUAUUCCGGCACGUCCACGUCGUGCAGAGCGGUAACAUGCGUUACUAGGGGUGCAAGAGCUCUUUUUGAGGAGGAGCUCUUUUUGCUGCACUAGUUGCAUCAGAUGGUAACGCAUGGCUAAGCCGGAAAGGGGGAGAC
"N47A,N48A,N49C,N50G",0.086191986,UAAUACGACUCACUAUAGGGCCGCGACUCUAGAAGUGAUGCUCUGCAACGAUAAUCGCGUGGAUAUGGCACGCAAGUUUCUACCGGGCACCGUAAAUGUCCGACUACUCCUAUUCCGGCACGUCCACGUCGUGCAGAGCGGUAACAUGCGUUACUAGGGGUGCAAGAGCUCUUUUUGAGGAGGAGCUCUUUUUGCUGCACUAGUUGCAUCAGAUGGUAACGCAUGGCUAAGCCGGAAAGGGGGAGAC
"N47A,N48A,N49C,N50U",0.1226666666666666,UAAUACGACUCACUAUAGGGCCGCGACUCUAGAAGUGAUGCUCUGCAACUAUAAUCGCGUGGAUAUGGCACGCAAGUUUCUACCGGGCACCGUAAAUGUCCGACUACUCCUAUUCCGGCACGUCCACGUCGUGCAGAGCGGUAACAUGCGUUACUAGGGGUGCAAGAGCUCUUUUUGAGGAGGAGCUCUUUUUGCUGCACUAGUUGCAUCAGAUGGUAACGCAUGGCUAAGCCGGAAAGGGGGAGAC
"N47A,N48A,N49G,N50A",0.1468757779437391,UAAUACGACUCACUAUAGGGCCGCGACUCUAGAAGUGAUGCUCUGCAAGAAUAAUCGCGUGGAUAUGGCACGCAAGUUUCUACCGGGCACCGUAAAUGUCCGACUACUCCUAUUCCGGCACGUCCACGUCGUGCAGAGCGGUAACAUGCGUUACUAGGGGUGCAAGAGCUCUUUUUGAGGAGGAGCUCUUUUUGCUGCACUAGUUGCAUCAGAUGGUAACGCAUGGCUAAGCCGGAAAGGGGGAGAC
"N47A,N48A,N49G,N50C",0.1322790422701744,UAAUACGACUCACUAUAGGGCCGCGACUCUAGAAGUGAUGCUCUGCAAGCAUAAUCGCGUGGAUAUGGCACGCAAGUUUCUACCGGGCACCGUAAAUGUCCGACUACUCCUAUUCCGGCACGUCCACGUCGUGCAGAGCGGUAACAUGCGUUACUAGGGGUGCAAGAGCUCUUUUUGAGGAGGAGCUCUUUUUGCUGCACUAGUUGCAUCAGAUGGUAACGCAUGGCUAAGCCGGAAAGGGGGAGAC
"N47A,N48A,N49G,N50G",0.1328092096026955,UAAUACGACUCACUAUAGGGCCGCGACUCUAGAAGUGAUGCUCUGCAAGGAUAAUCGCGUGGAUAUGGCACGCAAGUUUCUACCGGGCACCGUAAAUGUCCGACUACUCCUAUUCCGGCACGUCCACGUCGUGCAGAGCGGUAACAUGCGUUACUAGGGGUGCAAGAGCUCUUUUUGAGGAGGAGCUCUUUUUGCUGCACUAGUUGCAUCAGAUGGUAACGCAUGGCUAAGCCGGAAAGGGGGAGAC
"N47A,N48A,N49G,N50U",0.1341775754126351,UAAUACGACUCACUAUAGGGCCGCGACUCUAGAAGUGAUGCUCUGCAAGUAUAAUCGCGUGGAUAUGGCACGCAAGUUUCUACCGGGCACCGUAAAUGUCCGACUACUCCUAUUCCGGCACGUCCACGUCGUGCAGAGCGGUAACAUGCGUUACUAGGGGUGCAAGAGCUCUUUUUGAGGAGGAGCUCUUUUUGCUGCACUAGUUGCAUCAGAUGGUAACGCAUGGCUAAGCCGGAAAGGGGGAGAC
"N47A,N48A,N49U,N50A",0.154280209,UAAUACGACUCACUAUAGGGCCGCGACUCUAGAAGUGAUGCUCUGCAAUAAUAAUCGCGUGGAUAUGGCACGCAAGUUUCUACCGGGCACCGUAAAUGUCCGACUACUCCUAUUCCGGCACGUCCACGUCGUGCAGAGCGGUAACAUGCGUUACUAGGGGUGCAAGAGCUCUUUUUGAGGAGGAGCUCUUUUUGCUGCACUAGUUGCAUCAGAUGGUAACGCAUGGCUAAGCCGGAAAGGGGGAGAC
"N47A,N48A,N49U,N50C",0.1288071065989847,UAAUACGACUCACUAUAGGGCCGCGACUCUAGAAGUGAUGCUCUGCAAUCAUAAUCGCGUGGAUAUGGCACGCAAGUUUCUACCGGGCACCGUAAAUGUCCGACUACUCCUAUUCCGGCACGUCCACGUCGUGCAGAGCGGUAACAUGCGUUACUAGGGGUGCAAGAGCUCUUUUUGAGGAGGAGCUCUUUUUGCUGCACUAGUUGCAUCAGAUGGUAACGCAUGGCUAAGCCGGAAAGGGGGAGAC
"N47A,N48A,N49U,N50G",0.1055458573922384,UAAUACGACUCACUAUAGGGCCGCGACUCUAGAAGUGAUGCUCUGCAAUGAUAAUCGCGUGGAUAUGGCACGCAAGUUUCUACCGGGCACCGUAAAUGUCCGACUACUCCUAUUCCGGCACGUCCACGUCGUGCAGAGCGGUAACAUGCGUUACUAGGGGUGCAAGAGCUCUUUUUGAGGAGGAGCUCUUUUUGCUGCACUAGUUGCAUCAGAUGGUAACGCAUGGCUAAGCCGGAAAGGGGGAGAC
"N47A,N48A,N49U,N50U",0.1249201277955271,UAAUACGACUCACUAUAGGGCCGCGACUCUAGAAGUGAUGCUCUGCAAUUAUAAUCGCGUGGAUAUGGCACGCAAGUUUCUACCGGGCACCGUAAAUGUCCGACUACUCCUAUUCCGGCACGUCCACGUCGUGCAGAGCGGUAACAUGCGUUACUAGGGGUGCAAGAGCUCUUUUUGAGGAGGAGCUCUUUUUGCUGCACUAGUUGCAUCAGAUGGUAACGCAUGGCUAAGCCGGAAAGGGGGAGAC
"N47A,N48C,N49A,N50A",0.037725824,UAAUACGACUCACUAUAGGGCCGCGACUCUAGAAGUGAUGCUCUGCACAAAUAAUCGCGUGGAUAUGGCACGCAAGUUUCUACCGGGCACCGUAAAUGUCCGACUACUCCUAUUCCGGCACGUCCACGUCGUGCAGAGCGGUAACAUGCGUUACUAGGGGUGCAAGAGCUCUUUUUGAGGAGGAGCUCUUUUUGCUGCACUAGUUGCAUCAGAUGGUAACGCAUGGCUAAGCCGGAAAGGGGGAGAC
"N47A,N48C,N49A,N50C",0.0233236151603498,UAAUACGACUCACUAUAGGGCCGCGACUCUAGAAGUGAUGCUCUGCACACAUAAUCGCGUGGAUAUGGCACGCAAGUUUCUACCGGGCACCGUAAAUGUCCGACUACUCCUAUUCCGGCACGUCCACGUCGUGCAGAGCGGUAACAUGCGUUACUAGGGGUGCAAGAGCUCUUUUUGAGGAGGAGCUCUUUUUGCUGCACUAGUUGCAUCAGAUGGUAACGCAUGGCUAAGCCGGAAAGGGGGAGAC
"N47A,N48C,N49A,N50G",0.0273890142964635,UAAUACGACUCACUAUAGGGCCGCGACUCUAGAAGUGAUGCUCUGCACAGAUAAUCGCGUGGAUAUGGCACGCAAGUUUCUACCGGGCACCGUAAAUGUCCGACUACUCCUAUUCCGGCACGUCCACGUCGUGCAGAGCGGUAACAUGCGUUACUAGGGGUGCAAGAGCUCUUUUUGAGGAGGAGCUCUUUUUGCUGCACUAGUUGCAUCAGAUGGUAACGCAUGGCUAAGCCGGAAAGGGGGAGAC
"N47A,N48C,N49A,N50U",0.0287066246056782,UAAUACGACUCACUAUAGGGCCGCGACUCUAGAAGUGAUGCUCUGCACAUAUAAUCGCGUGGAUAUGGCACGCAAGUUUCUACCGGGCACCGUAAAUGUCCGACUACUCCUAUUCCGGCACGUCCACGUCGUGCAGAGCGGUAACAUGCGUUACUAGGGGUGCAAGAGCUCUUUUUGAGGAGGAGCUCUUUUUGCUGCACUAGUUGCAUCAGAUGGUAACGCAUGGCUAAGCCGGAAAGGGGGAGAC
"N47A,N48C,N49C,N50A",0.0285355910943869,UAAUACGACUCACUAUAGGGCCGCGACUCUAGAAGUGAUGCUCUGCACCAAUAAUCGCGUGGAUAUGGCACGCAAGUUUCUACCGGGCACCGUAAAUGUCCGACUACUCCUAUUCCGGCACGUCCACGUCGUGCAGAGCGGUAACAUGCGUUACUAGGGGUGCAAGAGCUCUUUUUGAGGAGGAGCUCUUUUUGCUGCACUAGUUGCAUCAGAUGGUAACGCAUGGCUAAGCCGGAAAGGGGGAGAC
"N47A,N48C,N49C,N50C",0.026792313,UAAUACGACUCACUAUAGGGCCGCGACUCUAGAAGUGAUGCUCUGCACCCAUAAUCGCGUGGAUAUGGCACGCAAGUUUCUACCGGGCACCGUAAAUGUCCGACUACUCCUAUUCCGGCACGUCCACGUCGUGCAGAGCGGUAACAUGCGUUACUAGGGGUGCAAGAGCUCUUUUUGAGGAGGAGCUCUUUUUGCUGCACUAGUUGCAUCAGAUGGUAACGCAUGGCUAAGCCGGAAAGGGGGAGAC
"N47A,N48C,N49C,N50G",0.025923526,UAAUACGACUCACUAUAGGGCCGCGACUCUAGAAGUGAUGCUCUGCACCGAUAAUCGCGUGGAUAUGGCACGCAAGUUUCUACCGGGCACCGUAAAUGUCCGACUACUCCUAUUCCGGCACGUCCACGUCGUGCAGAGCGGUAACAUGCGUUACUAGGGGUGCAAGAGCUCUUUUUGAGGAGGAGCUCUUUUUGCUGCACUAGUUGCAUCAGAUGGUAACGCAUGGCUAAGCCGGAAAGGGGGAGAC
"N47A,N48C,N49C,N50U",0.0320353982300884,UAAUACGACUCACUAUAGGGCCGCGACUCUAGAAGUGAUGCUCUGCACCUAUAAUCGCGUGGAUAUGGCACGCAAGUUUCUACCGGGCACCGUAAAUGUCCGACUACUCCUAUUCCGGCACGUCCACGUCGUGCAGAGCGGUAACAUGCGUUACUAGGGGUGCAAGAGCUCUUUUUGAGGAGGAGCUCUUUUUGCUGCACUAGUUGCAUCAGAUGGUAACGCAUGGCUAAGCCGGAAAGGGGGAGAC
"N47A,N48C,N49G,N50A",0.0288052373158756,UAAUACGACUCACUAUAGGGCCGCGACUCUAGAAGUGAUGCUCUGCACGAAUAAUCGCGUGGAUAUGGCACGCAAGUUUCUACCGGGCACCGUAAAUGUCCGACUACUCCUAUUCCGGCACGUCCACGUCGUGCAGAGCGGUAACAUGCGUUACUAGGGGUGCAAGAGCUCUUUUUGAGGAGGAGCUCUUUUUGCUGCACUAGUUGCAUCAGAUGGUAACGCAUGGCUAAGCCGGAAAGGGGGAGAC
"N47A,N48C,N49G,N50C",0.0143448275862068,UAAUACGACUCACUAUAGGGCCGCGACUCUAGAAGUGAUGCUCUGCACGCAUAAUCGCGUGGAUAUGGCACGCAAGUUUCUACCGGGCACCGUAAAUGUCCGACUACUCCUAUUCCGGCACGUCCACGUCGUGCAGAGCGGUAACAUGCGUUACUAGGGGUGCAAGAGCUCUUUUUGAGGAGGAGCUCUUUUUGCUGCACUAGUUGCAUCAGAUGGUAACGCAUGGCUAAGCCGGAAAGGGGGAGAC
"N47A,N48C,N49G,N50G",0.0284433718324426,UAAUACGACUCACUAUAGGGCCGCGACUCUAGAAGUGAUGCUCUGCACGGAUAAUCGCGUGGAUAUGGCACGCAAGUUUCUACCGGGCACCGUAAAUGUCCGACUACUCCUAUUCCGGCACGUCCACGUCGUGCAGAGCGGUAACAUGCGUUACUAGGGGUGCAAGAGCUCUUUUUGAGGAGGAGCUCUUUUUGCUGCACUAGUUGCAUCAGAUGGUAACGCAUGGCUAAGCCGGAAAGGGGGAGAC
"N47A,N48C,N49G,N50U",0.028808766,UAAUACGACUCACUAUAGGGCCGCGACUCUAGAAGUGAUGCUCUGCACGUAUAAUCGCGUGGAUAUGGCACGCAAGUUUCUACCGGGCACCGUAAAUGUCCGACUACUCCUAUUCCGGCACGUCCACGUCGUGCAGAGCGGUAACAUGCGUUACUAGGGGUGCAAGAGCUCUUUUUGAGGAGGAGCUCUUUUUGCUGCACUAGUUGCAUCAGAUGGUAACGCAUGGCUAAGCCGGAAAGGGGGAGAC
"N47A,N48C,N49U,N50A",0.0294071146245059,UAAUACGACUCACUAUAGGGCCGCGACUCUAGAAGUGAUGCUCUGCACUAAUAAUCGCGUGGAUAUGGCACGCAAGUUUCUACCGGGCACCGUAAAUGUCCGACUACUCCUAUUCCGGCACGUCCACGUCGUGCAGAGCGGUAACAUGCGUUACUAGGGGUGCAAGAGCUCUUUUUGAGGAGGAGCUCUUUUUGCUGCACUAGUUGCAUCAGAUGGUAACGCAUGGCUAAGCCGGAAAGGGGGAGAC
"N47A,N48C,N49U,N50C",0.025,UAAUACGACUCACUAUAGGGCCGCGACUCUAGAAGUGAUGCUCUGCACUCAUAAUCGCGUGGAUAUGGCACGCAAGUUUCUACCGGGCACCGUAAAUGUCCGACUACUCCUAUUCCGGCACGUCCACGUCGUGCAGAGCGGUAACAUGCGUUACUAGGGGUGCAAGAGCUCUUUUUGAGGAGGAGCUCUUUUUGCUGCACUAGUUGCAUCAGAUGGUAACGCAUGGCUAAGCCGGAAAGGGGGAGAC
"N47A,N48C,N49U,N50G",0.022752945,UAAUACGACUCACUAUAGGGCCGCGACUCUAGAAGUGAUGCUCUGCACUGAUAAUCGCGUGGAUAUGGCACGCAAGUUUCUACCGGGCACCGUAAAUGUCCGACUACUCCUAUUCCGGCACGUCCACGUCGUGCAGAGCGGUAACAUGCGUUACUAGGGGUGCAAGAGCUCUUUUUGAGGAGGAGCUCUUUUUGCUGCACUAGUUGCAUCAGAUGGUAACGCAUGGCUAAGCCGGAAAGGGGGAGAC
"N47A,N48C,N49U,N50U",0.026978417,UAAUACGACUCACUAUAGGGCCGCGACUCUAGAAGUGAUGCUCUGCACUUAUAAUCGCGUGGAUAUGGCACGCAAGUUUCUACCGGGCACCGUAAAUGUCCGACUACUCCUAUUCCGGCACGUCCACGUCGUGCAGAGCGGUAACAUGCGUUACUAGGGGUGCAAGAGCUCUUUUUGAGGAGGAGCUCUUUUUGCUGCACUAGUUGCAUCAGAUGGUAACGCAUGGCUAAGCCGGAAAGGGGGAGAC
"N47A,N48G,N49A,N50A",0.1382454411039921,UAAUACGACUCACUAUAGGGCCGCGACUCUAGAAGUGAUGCUCUGCAGAAAUAAUCGCGUGGAUAUGGCACGCAAGUUUCUACCGGGCACCGUAAAUGUCCGACUACUCCUAUUCCGGCACGUCCACGUCGUGCAGAGCGGUAACAUGCGUUACUAGGGGUGCAAGAGCUCUUUUUGAGGAGGAGCUCUUUUUGCUGCACUAGUUGCAUCAGAUGGUAACGCAUGGCUAAGCCGGAAAGGGGGAGAC
"N47A,N48G,N49A,N50C",0.099853157,UAAUACGACUCACUAUAGGGCCGCGACUCUAGAAGUGAUGCUCUGCAGACAUAAUCGCGUGGAUAUGGCACGCAAGUUUCUACCGGGCACCGUAAAUGUCCGACUACUCCUAUUCCGGCACGUCCACGUCGUGCAGAGCGGUAACAUGCGUUACUAGGGGUGCAAGAGCUCUUUUUGAGGAGGAGCUCUUUUUGCUGCACUAGUUGCAUCAGAUGGUAACGCAUGGCUAAGCCGGAAAGGGGGAGAC
"N47A,N48G,N49A,N50G",0.1141988710377768,UAAUACGACUCACUAUAGGGCCGCGACUCUAGAAGUGAUGCUCUGCAGAGAUAAUCGCGUGGAUAUGGCACGCAAGUUUCUACCGGGCACCGUAAAUGUCCGACUACUCCUAUUCCGGCACGUCCACGUCGUGCAGAGCGGUAACAUGCGUUACUAGGGGUGCAAGAGCUCUUUUUGAGGAGGAGCUCUUUUUGCUGCACUAGUUGCAUCAGAUGGUAACGCAUGGCUAAGCCGGAAAGGGGGAGAC
"N47A,N48G,N49A,N50U",0.092659446,UAAUACGACUCACUAUAGGGCCGCGACUCUAGAAGUGAUGCUCUGCAGAUAUAAUCGCGUGGAUAUGGCACGCAAGUUUCUACCGGGCACCGUAAAUGUCCGACUACUCCUAUUCCGGCACGUCCACGUCGUGCAGAGCGGUAACAUGCGUUACUAGGGGUGCAAGAGCUCUUUUUGAGGAGGAGCUCUUUUUGCUGCACUAGUUGCAUCAGAUGGUAACGCAUGGCUAAGCCGGAAAGGGGGAGAC
"N47A,N48G,N49C,N50A",0.054228855721393,UAAUACGACUCACUAUAGGGCCGCGACUCUAGAAGUGAUGCUCUGCAGCAAUAAUCGCGUGGAUAUGGCACGCAAGUUUCUACCGGGCACCGUAAAUGUCCGACUACUCCUAUUCCGGCACGUCCACGUCGUGCAGAGCGGUAACAUGCGUUACUAGGGGUGCAAGAGCUCUUUUUGAGGAGGAGCUCUUUUUGCUGCACUAGUUGCAUCAGAUGGUAACGCAUGGCUAAGCCGGAAAGGGGGAGAC
"N47A,N48G,N49C,N50C",0.039684496,UAAUACGACUCACUAUAGGGCCGCGACUCUAGAAGUGAUGCUCUGCAGCCAUAAUCGCGUGGAUAUGGCACGCAAGUUUCUACCGGGCACCGUAAAUGUCCGACUACUCCUAUUCCGGCACGUCCACGUCGUGCAGAGCGGUAACAUGCGUUACUAGGGGUGCAAGAGCUCUUUUUGAGGAGGAGCUCUUUUUGCUGCACUAGUUGCAUCAGAUGGUAACGCAUGGCUAAGCCGGAAAGGGGGAGAC
"N47A,N48G,N49C,N50G",0.05,UAAUACGACUCACUAUAGGGCCGCGACUCUAGAAGUGAUGCUCUGCAGCGAUAAUCGCGUGGAUAUGGCACGCAAGUUUCUACCGGGCACCGUAAAUGUCCGACUACUCCUAUUCCGGCACGUCCACGUCGUGCAGAGCGGUAACAUGCGUUACUAGGGGUGCAAGAGCUCUUUUUGAGGAGGAGCUCUUUUUGCUGCACUAGUUGCAUCAGAUGGUAACGCAUGGCUAAGCCGGAAAGGGGGAGAC
"N47A,N48G,N49C,N50U",0.0471855842467025,UAAUACGACUCACUAUAGGGCCGCGACUCUAGAAGUGAUGCUCUGCAGCUAUAAUCGCGUGGAUAUGGCACGCAAGUUUCUACCGGGCACCGUAAAUGUCCGACUACUCCUAUUCCGGCACGUCCACGUCGUGCAGAGCGGUAACAUGCGUUACUAGGGGUGCAAGAGCUCUUUUUGAGGAGGAGCUCUUUUUGCUGCACUAGUUGCAUCAGAUGGUAACGCAUGGCUAAGCCGGAAAGGGGGAGAC
"N47A,N48G,N49G,N50A",0.1004739336492891,UAAUACGACUCACUAUAGGGCCGCGACUCUAGAAGUGAUGCUCUGCAGGAAUAAUCGCGUGGAUAUGGCACGCAAGUUUCUACCGGGCACCGUAAAUGUCCGACUACUCCUAUUCCGGCACGUCCACGUCGUGCAGAGCGGUAACAUGCGUUACUAGGGGUGCAAGAGCUCUUUUUGAGGAGGAGCUCUUUUUGCUGCACUAGUUGCAUCAGAUGGUAACGCAUGGCUAAGCCGGAAAGGGGGAGAC
"N47A,N48G,N49G,N50C",0.0576923076923076,UAAUACGACUCACUAUAGGGCCGCGACUCUAGAAGUGAUGCUCUGCAGGCAUAAUCGCGUGGAUAUGGCACGCAAGUUUCUACCGGGCACCGUAAAUGUCCGACUACUCCUAUUCCGGCACGUCCACGUCGUGCAGAGCGGUAACAUGCGUUACUAGGGGUGCAAGAGCUCUUUUUGAGGAGGAGCUCUUUUUGCUGCACUAGUUGCAUCAGAUGGUAACGCAUGGCUAAGCCGGAAAGGGGGAGAC
"N47A,N48G,N49G,N50G",0.070860116,UAAUACGACUCACUAUAGGGCCGCGACUCUAGAAGUGAUGCUCUGCAGGGAUAAUCGCGUGGAUAUGGCACGCAAGUUUCUACCGGGCACCGUAAAUGUCCGACUACUCCUAUUCCGGCACGUCCACGUCGUGCAGAGCGGUAACAUGCGUUACUAGGGGUGCAAGAGCUCUUUUUGAGGAGGAGCUCUUUUUGCUGCACUAGUUGCAUCAGAUGGUAACGCAUGGCUAAGCCGGAAAGGGGGAGAC
"N47A,N48G,N49G,N50U",0.058407371,UAAUACGACUCACUAUAGGGCCGCGACUCUAGAAGUGAUGCUCUGCAGGUAUAAUCGCGUGGAUAUGGCACGCAAGUUUCUACCGGGCACCGUAAAUGUCCGACUACUCCUAUUCCGGCACGUCCACGUCGUGCAGAGCGGUAACAUGCGUUACUAGGGGUGCAAGAGCUCUUUUUGAGGAGGAGCUCUUUUUGCUGCACUAGUUGCAUCAGAUGGUAACGCAUGGCUAAGCCGGAAAGGGGGAGAC
"N47A,N48G,N49U,N50A",0.068934512,UAAUACGACUCACUAUAGGGCCGCGACUCUAGAAGUGAUGCUCUGCAGUAAUAAUCGCGUGGAUAUGGCACGCAAGUUUCUACCGGGCACCGUAAAUGUCCGACUACUCCUAUUCCGGCACGUCCACGUCGUGCAGAGCGGUAACAUGCGUUACUAGGGGUGCAAGAGCUCUUUUUGAGGAGGAGCUCUUUUUGCUGCACUAGUUGCAUCAGAUGGUAACGCAUGGCUAAGCCGGAAAGGGGGAGAC
"N47A,N48G,N49U,N50C",0.0451401528940662,UAAUACGACUCACUAUAGGGCCGCGACUCUAGAAGUGAUGCUCUGCAGUCAUAAUCGCGUGGAUAUGGCACGCAAGUUUCUACCGGGCACCGUAAAUGUCCGACUACUCCUAUUCCGGCACGUCCACGUCGUGCAGAGCGGUAACAUGCGUUACUAGGGGUGCAAGAGCUCUUUUUGAGGAGGAGCUCUUUUUGCUGCACUAGUUGCAUCAGAUGGUAACGCAUGGCUAAGCCGGAAAGGGGGAGAC
"N47A,N48G,N49U,N50G",0.045515796,UAAUACGACUCACUAUAGGGCCGCGACUCUAGAAGUGAUGCUCUGCAGUGAUAAUCGCGUGGAUAUGGCACGCAAGUUUCUACCGGGCACCGUAAAUGUCCGACUACUCCUAUUCCGGCACGUCCACGUCGUGCAGAGCGGUAACAUGCGUUACUAGGGGUGCAAGAGCUCUUUUUGAGGAGGAGCUCUUUUUGCUGCACUAGUUGCAUCAGAUGGUAACGCAUGGCUAAGCCGGAAAGGGGGAGAC
"N47A,N48G,N49U,N50U",0.058171745,UAAUACGACUCACUAUAGGGCCGCGACUCUAGAAGUGAUGCUCUGCAGUUAUAAUCGCGUGGAUAUGGCACGCAAGUUUCUACCGGGCACCGUAAAUGUCCGACUACUCCUAUUCCGGCACGUCCACGUCGUGCAGAGCGGUAACAUGCGUUACUAGGGGUGCAAGAGCUCUUUUUGAGGAGGAGCUCUUUUUGCUGCACUAGUUGCAUCAGAUGGUAACGCAUGGCUAAGCCGGAAAGGGGGAGAC
"N47A,N48U,N49A,N50A",0.084330939,UAAUACGACUCACUAUAGGGCCGCGACUCUAGAAGUGAUGCUCUGCAUAAAUAAUCGCGUGGAUAUGGCACGCAAGUUUCUACCGGGCACCGUAAAUGUCCGACUACUCCUAUUCCGGCACGUCCACGUCGUGCAGAGCGGUAACAUGCGUUACUAGGGGUGCAAGAGCUCUUUUUGAGGAGGAGCUCUUUUUGCUGCACUAGUUGCAUCAGAUGGUAACGCAUGGCUAAGCCGGAAAGGGGGAGAC
"N47A,N48U,N49A,N50C",0.04701161,UAAUACGACUCACUAUAGGGCCGCGACUCUAGAAGUGAUGCUCUGCAUACAUAAUCGCGUGGAUAUGGCACGCAAGUUUCUACCGGGCACCGUAAAUGUCCGACUACUCCUAUUCCGGCACGUCCACGUCGUGCAGAGCGGUAACAUGCGUUACUAGGGGUGCAAGAGCUCUUUUUGAGGAGGAGCUCUUUUUGCUGCACUAGUUGCAUCAGAUGGUAACGCAUGGCUAAGCCGGAAAGGGGGAGAC
"N47A,N48U,N49A,N50G",0.050595238095238,UAAUACGACUCACUAUAGGGCCGCGACUCUAGAAGUGAUGCUCUGCAUAGAUAAUCGCGUGGAUAUGGCACGCAAGUUUCUACCGGGCACCGUAAAUGUCCGACUACUCCUAUUCCGGCACGUCCACGUCGUGCAGAGCGGUAACAUGCGUUACUAGGGGUGCAAGAGCUCUUUUUGAGGAGGAGCUCUUUUUGCUGCACUAGUUGCAUCAGAUGGUAACGCAUGGCUAAGCCGGAAAGGGGGAGAC
"N47A,N48U,N49A,N50U",0.0479987242863977,UAAUACGACUCACUAUAGGGCCGCGACUCUAGAAGUGAUGCUCUGCAUAUAUAAUCGCGUGGAUAUGGCACGCAAGUUUCUACCGGGCACCGUAAAUGUCCGACUACUCCUAUUCCGGCACGUCCACGUCGUGCAGAGCGGUAACAUGCGUUACUAGGGGUGCAAGAGCUCUUUUUGAGGAGGAGCUCUUUUUGCUGCACUAGUUGCAUCAGAUGGUAACGCAUGGCUAAGCCGGAAAGGGGGAGAC
"N47A,N48U,N49C,N50A",0.069944892,UAAUACGACUCACUAUAGGGCCGCGACUCUAGAAGUGAUGCUCUGCAUCAAUAAUCGCGUGGAUAUGGCACGCAAGUUUCUACCGGGCACCGUAAAUGUCCGACUACUCCUAUUCCGGCACGUCCACGUCGUGCAGAGCGGUAACAUGCGUUACUAGGGGUGCAAGAGCUCUUUUUGAGGAGGAGCUCUUUUUGCUGCACUAGUUGCAUCAGAUGGUAACGCAUGGCUAAGCCGGAAAGGGGGAGAC
"N47A,N48U,N49C,N50C",0.057142857,UAAUACGACUCACUAUAGGGCCGCGACUCUAGAAGUGAUGCUCUGCAUCCAUAAUCGCGUGGAUAUGGCACGCAAGUUUCUACCGGGCACCGUAAAUGUCCGACUACUCCUAUUCCGGCACGUCCACGUCGUGCAGAGCGGUAACAUGCGUUACUAGGGGUGCAAGAGCUCUUUUUGAGGAGGAGCUCUUUUUGCUGCACUAGUUGCAUCAGAUGGUAACGCAUGGCUAAGCCGGAAAGGGGGAGAC
"N47A,N48U,N49C,N50G",0.042247744,UAAUACGACUCACUAUAGGGCCGCGACUCUAGAAGUGAUGCUCUGCAUCGAUAAUCGCGUGGAUAUGGCACGCAAGUUUCUACCGGGCACCGUAAAUGUCCGACUACUCCUAUUCCGGCACGUCCACGUCGUGCAGAGCGGUAACAUGCGUUACUAGGGGUGCAAGAGCUCUUUUUGAGGAGGAGCUCUUUUUGCUGCACUAGUUGCAUCAGAUGGUAACGCAUGGCUAAGCCGGAAAGGGGGAGAC
"N47A,N48U,N49C,N50U",0.0554933989706869,UAAUACGACUCACUAUAGGGCCGCGACUCUAGAAGUGAUGCUCUGCAUCUAUAAUCGCGUGGAUAUGGCACGCAAGUUUCUACCGGGCACCGUAAAUGUCCGACUACUCCUAUUCCGGCACGUCCACGUCGUGCAGAGCGGUAACAUGCGUUACUAGGGGUGCAAGAGCUCUUUUUGAGGAGGAGCUCUUUUUGCUGCACUAGUUGCAUCAGAUGGUAACGCAUGGCUAAGCCGGAAAGGGGGAGAC
"N47A,N48U,N49G,N50A",0.0300474433315761,UAAUACGACUCACUAUAGGGCCGCGACUCUAGAAGUGAUGCUCUGCAUGAAUAAUCGCGUGGAUAUGGCACGCAAGUUUCUACCGGGCACCGUAAAUGUCCGACUACUCCUAUUCCGGCACGUCCACGUCGUGCAGAGCGGUAACAUGCGUUACUAGGGGUGCAAGAGCUCUUUUUGAGGAGGAGCUCUUUUUGCUGCACUAGUUGCAUCAGAUGGUAACGCAUGGCUAAGCCGGAAAGGGGGAGAC
"N47A,N48U,N49G,N50C",0.0246425311834499,UAAUACGACUCACUAUAGGGCCGCGACUCUAGAAGUGAUGCUCUGCAUGCAUAAUCGCGUGGAUAUGGCACGCAAGUUUCUACCGGGCACCGUAAAUGUCCGACUACUCCUAUUCCGGCACGUCCACGUCGUGCAGAGCGGUAACAUGCGUUACUAGGGGUGCAAGAGCUCUUUUUGAGGAGGAGCUCUUUUUGCUGCACUAGUUGCAUCAGAUGGUAACGCAUGGCUAAGCCGGAAAGGGGGAGAC
"N47A,N48U,N49G,N50G",0.0350696991929567,UAAUACGACUCACUAUAGGGCCGCGACUCUAGAAGUGAUGCUCUGCAUGGAUAAUCGCGUGGAUAUGGCACGCAAGUUUCUACCGGGCACCGUAAAUGUCCGACUACUCCUAUUCCGGCACGUCCACGUCGUGCAGAGCGGUAACAUGCGUUACUAGGGGUGCAAGAGCUCUUUUUGAGGAGGAGCUCUUUUUGCUGCACUAGUUGCAUCAGAUGGUAACGCAUGGCUAAGCCGGAAAGGGGGAGAC
"N47A,N48U,N49G,N50U",0.032379755,UAAUACGACUCACUAUAGGGCCGCGACUCUAGAAGUGAUGCUCUGCAUGUAUAAUCGCGUGGAUAUGGCACGCAAGUUUCUACCGGGCACCGUAAAUGUCCGACUACUCCUAUUCCGGCACGUCCACGUCGUGCAGAGCGGUAACAUGCGUUACUAGGGGUGCAAGAGCUCUUUUUGAGGAGGAGCUCUUUUUGCUGCACUAGUUGCAUCAGAUGGUAACGCAUGGCUAAGCCGGAAAGGGGGAGAC
"N47A,N48U,N49U,N50A",0.053860819828408,UAAUACGACUCACUAUAGGGCCGCGACUCUAGAAGUGAUGCUCUGCAUUAAUAAUCGCGUGGAUAUGGCACGCAAGUUUCUACCGGGCACCGUAAAUGUCCGACUACUCCUAUUCCGGCACGUCCACGUCGUGCAGAGCGGUAACAUGCGUUACUAGGGGUGCAAGAGCUCUUUUUGAGGAGGAGCUCUUUUUGCUGCACUAGUUGCAUCAGAUGGUAACGCAUGGCUAAGCCGGAAAGGGGGAGAC
"N47A,N48U,N49U,N50C",0.043065832,UAAUACGACUCACUAUAGGGCCGCGACUCUAGAAGUGAUGCUCUGCAUUCAUAAUCGCGUGGAUAUGGCACGCAAGUUUCUACCGGGCACCGUAAAUGUCCGACUACUCCUAUUCCGGCACGUCCACGUCGUGCAGAGCGGUAACAUGCGUUACUAGGGGUGCAAGAGCUCUUUUUGAGGAGGAGCUCUUUUUGCUGCACUAGUUGCAUCAGAUGGUAACGCAUGGCUAAGCCGGAAAGGGGGAGAC
"N47A,N48U,N49U,N50G",0.0408910103420843,UAAUACGACUCACUAUAGGGCCGCGACUCUAGAAGUGAUGCUCUGCAUUGAUAAUCGCGUGGAUAUGGCACGCAAGUUUCUACCGGGCACCGUAAAUGUCCGACUACUCCUAUUCCGGCACGUCCACGUCGUGCAGAGCGGUAACAUGCGUUACUAGGGGUGCAAGAGCUCUUUUUGAGGAGGAGCUCUUUUUGCUGCACUAGUUGCAUCAGAUGGUAACGCAUGGCUAAGCCGGAAAGGGGGAGAC
"N47A,N48U,N49U,N50U",0.047602194,UAAUACGACUCACUAUAGGGCCGCGACUCUAGAAGUGAUGCUCUGCAUUUAUAAUCGCGUGGAUAUGGCACGCAAGUUUCUACCGGGCACCGUAAAUGUCCGACUACUCCUAUUCCGGCACGUCCACGUCGUGCAGAGCGGUAACAUGCGUUACUAGGGGUGCAAGAGCUCUUUUUGAGGAGGAGCUCUUUUUGCUGCACUAGUUGCAUCAGAUGGUAACGCAUGGCUAAGCCGGAAAGGGGGAGAC
"N47C,N48A,N49A,N50A",0.3116209203878192,UAAUACGACUCACUAUAGGGCCGCGACUCUAGAAGUGAUGCUCUGCCAAAAUAAUCGCGUGGAUAUGGCACGCAAGUUUCUACCGGGCACCGUAAAUGUCCGACUACUCCUAUUCCGGCACGUCCACGUCGUGCAGAGCGGUAACAUGCGUUACUAGGGGUGCAAGAGCUCUUUUUGAGGAGGAGCUCUUUUUGCUGCACUAGUUGCAUCAGAUGGUAACGCAUGGCUAAGCCGGAAAGGGGGAGAC
"N47C,N48A,N49A,N50C",0.2660130718954248,UAAUACGACUCACUAUAGGGCCGCGACUCUAGAAGUGAUGCUCUGCCAACAUAAUCGCGUGGAUAUGGCACGCAAGUUUCUACCGGGCACCGUAAAUGUCCGACUACUCCUAUUCCGGCACGUCCACGUCGUGCAGAGCGGUAACAUGCGUUACUAGGGGUGCAAGAGCUCUUUUUGAGGAGGAGCUCUUUUUGCUGCACUAGUUGCAUCAGAUGGUAACGCAUGGCUAAGCCGGAAAGGGGGAGAC
"N47C,N48A,N49A,N50G",0.2164341085271318,UAAUACGACUCACUAUAGGGCCGCGACUCUAGAAGUGAUGCUCUGCCAAGAUAAUCGCGUGGAUAUGGCACGCAAGUUUCUACCGGGCACCGUAAAUGUCCGACUACUCCUAUUCCGGCACGUCCACGUCGUGCAGAGCGGUAACAUGCGUUACUAGGGGUGCAAGAGCUCUUUUUGAGGAGGAGCUCUUUUUGCUGCACUAGUUGCAUCAGAUGGUAACGCAUGGCUAAGCCGGAAAGGGGGAGAC
"N47C,N48A,N49A,N50U",0.2782817046037994,UAAUACGACUCACUAUAGGGCCGCGACUCUAGAAGUGAUGCUCUGCCAAUAUAAUCGCGUGGAUAUGGCACGCAAGUUUCUACCGGGCACCGUAAAUGUCCGACUACUCCUAUUCCGGCACGUCCACGUCGUGCAGAGCGGUAACAUGCGUUACUAGGGGUGCAAGAGCUCUUUUUGAGGAGGAGCUCUUUUUGCUGCACUAGUUGCAUCAGAUGGUAACGCAUGGCUAAGCCGGAAAGGGGGAGAC
"N47C,N48A,N49C,N50A",0.1162184189079054,UAAUACGACUCACUAUAGGGCCGCGACUCUAGAAGUGAUGCUCUGCCACAAUAAUCGCGUGGAUAUGGCACGCAAGUUUCUACCGGGCACCGUAAAUGUCCGACUACUCCUAUUCCGGCACGUCCACGUCGUGCAGAGCGGUAACAUGCGUUACUAGGGGUGCAAGAGCUCUUUUUGAGGAGGAGCUCUUUUUGCUGCACUAGUUGCAUCAGAUGGUAACGCAUGGCUAAGCCGGAAAGGGGGAGAC
"N47C,N48A,N49C,N50C",0.068958376,UAAUACGACUCACUAUAGGGCCGCGACUCUAGAAGUGAUGCUCUGCCACCAUAAUCGCGUGGAUAUGGCACGCAAGUUUCUACCGGGCACCGUAAAUGUCCGACUACUCCUAUUCCGGCACGUCCACGUCGUGCAGAGCGGUAACAUGCGUUACUAGGGGUGCAAGAGCUCUUUUUGAGGAGGAGCUCUUUUUGCUGCACUAGUUGCAUCAGAUGGUAACGCAUGGCUAAGCCGGAAAGGGGGAGAC
"N47C,N48A,N49C,N50G",0.052407932,UAAUACGACUCACUAUAGGGCCGCGACUCUAGAAGUGAUGCUCUGCCACGAUAAUCGCGUGGAUAUGGCACGCAAGUUUCUACCGGGCACCGUAAAUGUCCGACUACUCCUAUUCCGGCACGUCCACGUCGUGCAGAGCGGUAACAUGCGUUACUAGGGGUGCAAGAGCUCUUUUUGAGGAGGAGCUCUUUUUGCUGCACUAGUUGCAUCAGAUGGUAACGCAUGGCUAAGCCGGAAAGGGGGAGAC
"N47C,N48A,N49C,N50U",0.083880943,UAAUACGACUCACUAUAGGGCCGCGACUCUAGAAGUGAUGCUCUGCCACUAUAAUCGCGUGGAUAUGGCACGCAAGUUUCUACCGGGCACCGUAAAUGUCCGACUACUCCUAUUCCGGCACGUCCACGUCGUGCAGAGCGGUAACAUGCGUUACUAGGGGUGCAAGAGCUCUUUUUGAGGAGGAGCUCUUUUUGCUGCACUAGUUGCAUCAGAUGGUAACGCAUGGCUAAGCCGGAAAGGGGGAGAC
"N47C,N48A,N49G,N50A",0.1522834886207423,UAAUACGACUCACUAUAGGGCCGCGACUCUAGAAGUGAUGCUCUGCCAGAAUAAUCGCGUGGAUAUGGCACGCAAGUUUCUACCGGGCACCGUAAAUGUCCGACUACUCCUAUUCCGGCACGUCCACGUCGUGCAGAGCGGUAACAUGCGUUACUAGGGGUGCAAGAGCUCUUUUUGAGGAGGAGCUCUUUUUGCUGCACUAGUUGCAUCAGAUGGUAACGCAUGGCUAAGCCGGAAAGGGGGAGAC
"N47C,N48A,N49G,N50C",0.1073122529644268,UAAUACGACUCACUAUAGGGCCGCGACUCUAGAAGUGAUGCUCUGCCAGCAUAAUCGCGUGGAUAUGGCACGCAAGUUUCUACCGGGCACCGUAAAUGUCCGACUACUCCUAUUCCGGCACGUCCACGUCGUGCAGAGCGGUAACAUGCGUUACUAGGGGUGCAAGAGCUCUUUUUGAGGAGGAGCUCUUUUUGCUGCACUAGUUGCAUCAGAUGGUAACGCAUGGCUAAGCCGGAAAGGGGGAGAC
"N47C,N48A,N49G,N50G",0.11,UAAUACGACUCACUAUAGGGCCGCGACUCUAGAAGUGAUGCUCUGCCAGGAUAAUCGCGUGGAUAUGGCACGCAAGUUUCUACCGGGCACCGUAAAUGUCCGACUACUCCUAUUCCGGCACGUCCACGUCGUGCAGAGCGGUAACAUGCGUUACUAGGGGUGCAAGAGCUCUUUUUGAGGAGGAGCUCUUUUUGCUGCACUAGUUGCAUCAGAUGGUAACGCAUGGCUAAGCCGGAAAGGGGGAGAC
"N47C,N48A,N49G,N50U",0.1291307471264367,UAAUACGACUCACUAUAGGGCCGCGACUCUAGAAGUGAUGCUCUGCCAGUAUAAUCGCGUGGAUAUGGCACGCAAGUUUCUACCGGGCACCGUAAAUGUCCGACUACUCCUAUUCCGGCACGUCCACGUCGUGCAGAGCGGUAACAUGCGUUACUAGGGGUGCAAGAGCUCUUUUUGAGGAGGAGCUCUUUUUGCUGCACUAGUUGCAUCAGAUGGUAACGCAUGGCUAAGCCGGAAAGGGGGAGAC
"N47C,N48A,N49U,N50A",0.1069280031049873,UAAUACGACUCACUAUAGGGCCGCGACUCUAGAAGUGAUGCUCUGCCAUAAUAAUCGCGUGGAUAUGGCACGCAAGUUUCUACCGGGCACCGUAAAUGUCCGACUACUCCUAUUCCGGCACGUCCACGUCGUGCAGAGCGGUAACAUGCGUUACUAGGGGUGCAAGAGCUCUUUUUGAGGAGGAGCUCUUUUUGCUGCACUAGUUGCAUCAGAUGGUAACGCAUGGCUAAGCCGGAAAGGGGGAGAC
"N47C,N48A,N49U,N50C",0.083169614,UAAUACGACUCACUAUAGGGCCGCGACUCUAGAAGUGAUGCUCUGCCAUCAUAAUCGCGUGGAUAUGGCACGCAAGUUUCUACCGGGCACCGUAAAUGUCCGACUACUCCUAUUCCGGCACGUCCACGUCGUGCAGAGCGGUAACAUGCGUUACUAGGGGUGCAAGAGCUCUUUUUGAGGAGGAGCUCUUUUUGCUGCACUAGUUGCAUCAGAUGGUAACGCAUGGCUAAGCCGGAAAGGGGGAGAC
"N47C,N48A,N49U,N50G",0.078144514,UAAUACGACUCACUAUAGGGCCGCGACUCUAGAAGUGAUGCUCUGCCAUGAUAAUCGCGUGGAUAUGGCACGCAAGUUUCUACCGGGCACCGUAAAUGUCCGACUACUCCUAUUCCGGCACGUCCACGUCGUGCAGAGCGGUAACAUGCGUUACUAGGGGUGCAAGAGCUCUUUUUGAGGAGGAGCUCUUUUUGCUGCACUAGUUGCAUCAGAUGGUAACGCAUGGCUAAGCCGGAAAGGGGGAGAC
"N47C,N48A,N49U,N50U",0.1018160741885626,UAAUACGACUCACUAUAGGGCCGCGACUCUAGAAGUGAUGCUCUGCCAUUAUAAUCGCGUGGAUAUGGCACGCAAGUUUCUACCGGGCACCGUAAAUGUCCGACUACUCCUAUUCCGGCACGUCCACGUCGUGCAGAGCGGUAACAUGCGUUACUAGGGGUGCAAGAGCUCUUUUUGAGGAGGAGCUCUUUUUGCUGCACUAGUUGCAUCAGAUGGUAACGCAUGGCUAAGCCGGAAAGGGGGAGAC
"N47C,N48C,N49A,N50A",0.1032012195121951,UAAUACGACUCACUAUAGGGCCGCGACUCUAGAAGUGAUGCUCUGCCCAAAUAAUCGCGUGGAUAUGGCACGCAAGUUUCUACCGGGCACCGUAAAUGUCCGACUACUCCUAUUCCGGCACGUCCACGUCGUGCAGAGCGGUAACAUGCGUUACUAGGGGUGCAAGAGCUCUUUUUGAGGAGGAGCUCUUUUUGCUGCACUAGUUGCAUCAGAUGGUAACGCAUGGCUAAGCCGGAAAGGGGGAGAC
"N47C,N48C,N49A,N50C",0.0579901775595013,UAAUACGACUCACUAUAGGGCCGCGACUCUAGAAGUGAUGCUCUGCCCACAUAAUCGCGUGGAUAUGGCACGCAAGUUUCUACCGGGCACCGUAAAUGUCCGACUACUCCUAUUCCGGCACGUCCACGUCGUGCAGAGCGGUAACAUGCGUUACUAGGGGUGCAAGAGCUCUUUUUGAGGAGGAGCUCUUUUUGCUGCACUAGUUGCAUCAGAUGGUAACGCAUGGCUAAGCCGGAAAGGGGGAGAC
"N47C,N48C,N49A,N50G",0.06999642,UAAUACGACUCACUAUAGGGCCGCGACUCUAGAAGUGAUGCUCUGCCCAGAUAAUCGCGUGGAUAUGGCACGCAAGUUUCUACCGGGCACCGUAAAUGUCCGACUACUCCUAUUCCGGCACGUCCACGUCGUGCAGAGCGGUAACAUGCGUUACUAGGGGUGCAAGAGCUCUUUUUGAGGAGGAGCUCUUUUUGCUGCACUAGUUGCAUCAGAUGGUAACGCAUGGCUAAGCCGGAAAGGGGGAGAC
"N47C,N48C,N49A,N50U",0.078576865,UAAUACGACUCACUAUAGGGCCGCGACUCUAGAAGUGAUGCUCUGCCCAUAUAAUCGCGUGGAUAUGGCACGCAAGUUUCUACCGGGCACCGUAAAUGUCCGACUACUCCUAUUCCGGCACGUCCACGUCGUGCAGAGCGGUAACAUGCGUUACUAGGGGUGCAAGAGCUCUUUUUGAGGAGGAGCUCUUUUUGCUGCACUAGUUGCAUCAGAUGGUAACGCAUGGCUAAGCCGGAAAGGGGGAGAC
"N47C,N48C,N49C,N50A",0.045635296,UAAUACGACUCACUAUAGGGCCGCGACUCUAGAAGUGAUGCUCUGCCCCAAUAAUCGCGUGGAUAUGGCACGCAAGUUUCUACCGGGCACCGUAAAUGUCCGACUACUCCUAUUCCGGCACGUCCACGUCGUGCAGAGCGGUAACAUGCGUUACUAGGGGUGCAAGAGCUCUUUUUGAGGAGGAGCUCUUUUUGCUGCACUAGUUGCAUCAGAUGGUAACGCAUGGCUAAGCCGGAAAGGGGGAGAC
"N47C,N48C,N49C,N50C",0.024837232,UAAUACGACUCACUAUAGGGCCGCGACUCUAGAAGUGAUGCUCUGCCCCCAUAAUCGCGUGGAUAUGGCACGCAAGUUUCUACCGGGCACCGUAAAUGUCCGACUACUCCUAUUCCGGCACGUCCACGUCGUGCAGAGCGGUAACAUGCGUUACUAGGGGUGCAAGAGCUCUUUUUGAGGAGGAGCUCUUUUUGCUGCACUAGUUGCAUCAGAUGGUAACGCAUGGCUAAGCCGGAAAGGGGGAGAC
"N47C,N48C,N49C,N50G",0.0380857427716849,UAAUACGACUCACUAUAGGGCCGCGACUCUAGAAGUGAUGCUCUGCCCCGAUAAUCGCGUGGAUAUGGCACGCAAGUUUCUACCGGGCACCGUAAAUGUCCGACUACUCCUAUUCCGGCACGUCCACGUCGUGCAGAGCGGUAACAUGCGUUACUAGGGGUGCAAGAGCUCUUUUUGAGGAGGAGCUCUUUUUGCUGCACUAGUUGCAUCAGAUGGUAACGCAUGGCUAAGCCGGAAAGGGGGAGAC
"N47C,N48C,N49C,N50U",0.040447504,UAAUACGACUCACUAUAGGGCCGCGACUCUAGAAGUGAUGCUCUGCCCCUAUAAUCGCGUGGAUAUGGCACGCAAGUUUCUACCGGGCACCGUAAAUGUCCGACUACUCCUAUUCCGGCACGUCCACGUCGUGCAGAGCGGUAACAUGCGUUACUAGGGGUGCAAGAGCUCUUUUUGAGGAGGAGCUCUUUUUGCUGCACUAGUUGCAUCAGAUGGUAACGCAUGGCUAAGCCGGAAAGGGGGAGAC
"N47C,N48C,N49G,N50A",0.068228808,UAAUACGACUCACUAUAGGGCCGCGACUCUAGAAGUGAUGCUCUGCCCGAAUAAUCGCGUGGAUAUGGCACGCAAGUUUCUACCGGGCACCGUAAAUGUCCGACUACUCCUAUUCCGGCACGUCCACGUCGUGCAGAGCGGUAACAUGCGUUACUAGGGGUGCAAGAGCUCUUUUUGAGGAGGAGCUCUUUUUGCUGCACUAGUUGCAUCAGAUGGUAACGCAUGGCUAAGCCGGAAAGGGGGAGAC
"N47C,N48C,N49G,N50C",0.0459072139907699,UAAUACGACUCACUAUAGGGCCGCGACUCUAGAAGUGAUGCUCUGCCCGCAUAAUCGCGUGGAUAUGGCACGCAAGUUUCUACCGGGCACCGUAAAUGUCCGACUACUCCUAUUCCGGCACGUCCACGUCGUGCAGAGCGGUAACAUGCGUUACUAGGGGUGCAAGAGCUCUUUUUGAGGAGGAGCUCUUUUUGCUGCACUAGUUGCAUCAGAUGGUAACGCAUGGCUAAGCCGGAAAGGGGGAGAC
"N47C,N48C,N49G,N50G",0.054916986,UAAUACGACUCACUAUAGGGCCGCGACUCUAGAAGUGAUGCUCUGCCCGGAUAAUCGCGUGGAUAUGGCACGCAAGUUUCUACCGGGCACCGUAAAUGUCCGACUACUCCUAUUCCGGCACGUCCACGUCGUGCAGAGCGGUAACAUGCGUUACUAGGGGUGCAAGAGCUCUUUUUGAGGAGGAGCUCUUUUUGCUGCACUAGUUGCAUCAGAUGGUAACGCAUGGCUAAGCCGGAAAGGGGGAGAC
"N47C,N48C,N49G,N50U",0.069062325,UAAUACGACUCACUAUAGGGCCGCGACUCUAGAAGUGAUGCUCUGCCCGUAUAAUCGCGUGGAUAUGGCACGCAAGUUUCUACCGGGCACCGUAAAUGUCCGACUACUCCUAUUCCGGCACGUCCACGUCGUGCAGAGCGGUAACAUGCGUUACUAGGGGUGCAAGAGCUCUUUUUGAGGAGGAGCUCUUUUUGCUGCACUAGUUGCAUCAGAUGGUAACGCAUGGCUAAGCCGGAAAGGGGGAGAC
"N47C,N48C,N49U,N50A",0.07289654,UAAUACGACUCACUAUAGGGCCGCGACUCUAGAAGUGAUGCUCUGCCCUAAUAAUCGCGUGGAUAUGGCACGCAAGUUUCUACCGGGCACCGUAAAUGUCCGACUACUCCUAUUCCGGCACGUCCACGUCGUGCAGAGCGGUAACAUGCGUUACUAGGGGUGCAAGAGCUCUUUUUGAGGAGGAGCUCUUUUUGCUGCACUAGUUGCAUCAGAUGGUAACGCAUGGCUAAGCCGGAAAGGGGGAGAC
"N47C,N48C,N49U,N50C",0.074181332,UAAUACGACUCACUAUAGGGCCGCGACUCUAGAAGUGAUGCUCUGCCCUCAUAAUCGCGUGGAUAUGGCACGCAAGUUUCUACCGGGCACCGUAAAUGUCCGACUACUCCUAUUCCGGCACGUCCACGUCGUGCAGAGCGGUAACAUGCGUUACUAGGGGUGCAAGAGCUCUUUUUGAGGAGGAGCUCUUUUUGCUGCACUAGUUGCAUCAGAUGGUAACGCAUGGCUAAGCCGGAAAGGGGGAGAC
"N47C,N48C,N49U,N50G",0.053771074,UAAUACGACUCACUAUAGGGCCGCGACUCUAGAAGUGAUGCUCUGCCCUGAUAAUCGCGUGGAUAUGGCACGCAAGUUUCUACCGGGCACCGUAAAUGUCCGACUACUCCUAUUCCGGCACGUCCACGUCGUGCAGAGCGGUAACAUGCGUUACUAGGGGUGCAAGAGCUCUUUUUGAGGAGGAGCUCUUUUUGCUGCACUAGUUGCAUCAGAUGGUAACGCAUGGCUAAGCCGGAAAGGGGGAGAC
"N47C,N48C,N49U,N50U",0.070414083,UAAUACGACUCACUAUAGGGCCGCGACUCUAGAAGUGAUGCUCUGCCCUUAUAAUCGCGUGGAUAUGGCACGCAAGUUUCUACCGGGCACCGUAAAUGUCCGACUACUCCUAUUCCGGCACGUCCACGUCGUGCAGAGCGGUAACAUGCGUUACUAGGGGUGCAAGAGCUCUUUUUGAGGAGGAGCUCUUUUUGCUGCACUAGUUGCAUCAGAUGGUAACGCAUGGCUAAGCCGGAAAGGGGGAGAC
"N47C,N48G,N49A,N50A",0.168091168091168,UAAUACGACUCACUAUAGGGCCGCGACUCUAGAAGUGAUGCUCUGCCGAAAUAAUCGCGUGGAUAUGGCACGCAAGUUUCUACCGGGCACCGUAAAUGUCCGACUACUCCUAUUCCGGCACGUCCACGUCGUGCAGAGCGGUAACAUGCGUUACUAGGGGUGCAAGAGCUCUUUUUGAGGAGGAGCUCUUUUUGCUGCACUAGUUGCAUCAGAUGGUAACGCAUGGCUAAGCCGGAAAGGGGGAGAC
"N47C,N48G,N49A,N50C",0.074324324,UAAUACGACUCACUAUAGGGCCGCGACUCUAGAAGUGAUGCUCUGCCGACAUAAUCGCGUGGAUAUGGCACGCAAGUUUCUACCGGGCACCGUAAAUGUCCGACUACUCCUAUUCCGGCACGUCCACGUCGUGCAGAGCGGUAACAUGCGUUACUAGGGGUGCAAGAGCUCUUUUUGAGGAGGAGCUCUUUUUGCUGCACUAGUUGCAUCAGAUGGUAACGCAUGGCUAAGCCGGAAAGGGGGAGAC
"N47C,N48G,N49A,N50G",0.122355541521945,UAAUACGACUCACUAUAGGGCCGCGACUCUAGAAGUGAUGCUCUGCCGAGAUAAUCGCGUGGAUAUGGCACGCAAGUUUCUACCGGGCACCGUAAAUGUCCGACUACUCCUAUUCCGGCACGUCCACGUCGUGCAGAGCGGUAACAUGCGUUACUAGGGGUGCAAGAGCUCUUUUUGAGGAGGAGCUCUUUUUGCUGCACUAGUUGCAUCAGAUGGUAACGCAUGGCUAAGCCGGAAAGGGGGAGAC
"N47C,N48G,N49A,N50U",0.1147436914775432,UAAUACGACUCACUAUAGGGCCGCGACUCUAGAAGUGAUGCUCUGCCGAUAUAAUCGCGUGGAUAUGGCACGCAAGUUUCUACCGGGCACCGUAAAUGUCCGACUACUCCUAUUCCGGCACGUCCACGUCGUGCAGAGCGGUAACAUGCGUUACUAGGGGUGCAAGAGCUCUUUUUGAGGAGGAGCUCUUUUUGCUGCACUAGUUGCAUCAGAUGGUAACGCAUGGCUAAGCCGGAAAGGGGGAGAC
"N47C,N48G,N49C,N50A",0.1045655375552282,UAAUACGACUCACUAUAGGGCCGCGACUCUAGAAGUGAUGCUCUGCCGCAAUAAUCGCGUGGAUAUGGCACGCAAGUUUCUACCGGGCACCGUAAAUGUCCGACUACUCCUAUUCCGGCACGUCCACGUCGUGCAGAGCGGUAACAUGCGUUACUAGGGGUGCAAGAGCUCUUUUUGAGGAGGAGCUCUUUUUGCUGCACUAGUUGCAUCAGAUGGUAACGCAUGGCUAAGCCGGAAAGGGGGAGAC
"N47C,N48G,N49C,N50C",0.038425197,UAAUACGACUCACUAUAGGGCCGCGACUCUAGAAGUGAUGCUCUGCCGCCAUAAUCGCGUGGAUAUGGCACGCAAGUUUCUACCGGGCACCGUAAAUGUCCGACUACUCCUAUUCCGGCACGUCCACGUCGUGCAGAGCGGUAACAUGCGUUACUAGGGGUGCAAGAGCUCUUUUUGAGGAGGAGCUCUUUUUGCUGCACUAGUUGCAUCAGAUGGUAACGCAUGGCUAAGCCGGAAAGGGGGAGAC
"N47C,N48G,N49C,N50G",0.06362773,UAAUACGACUCACUAUAGGGCCGCGACUCUAGAAGUGAUGCUCUGCCGCGAUAAUCGCGUGGAUAUGGCACGCAAGUUUCUACCGGGCACCGUAAAUGUCCGACUACUCCUAUUCCGGCACGUCCACGUCGUGCAGAGCGGUAACAUGCGUUACUAGGGGUGCAAGAGCUCUUUUUGAGGAGGAGCUCUUUUUGCUGCACUAGUUGCAUCAGAUGGUAACGCAUGGCUAAGCCGGAAAGGGGGAGAC
"N47C,N48G,N49C,N50U",0.0587628865979381,UAAUACGACUCACUAUAGGGCCGCGACUCUAGAAGUGAUGCUCUGCCGCUAUAAUCGCGUGGAUAUGGCACGCAAGUUUCUACCGGGCACCGUAAAUGUCCGACUACUCCUAUUCCGGCACGUCCACGUCGUGCAGAGCGGUAACAUGCGUUACUAGGGGUGCAAGAGCUCUUUUUGAGGAGGAGCUCUUUUUGCUGCACUAGUUGCAUCAGAUGGUAACGCAUGGCUAAGCCGGAAAGGGGGAGAC
"N47C,N48G,N49G,N50A",0.062719902,UAAUACGACUCACUAUAGGGCCGCGACUCUAGAAGUGAUGCUCUGCCGGAAUAAUCGCGUGGAUAUGGCACGCAAGUUUCUACCGGGCACCGUAAAUGUCCGACUACUCCUAUUCCGGCACGUCCACGUCGUGCAGAGCGGUAACAUGCGUUACUAGGGGUGCAAGAGCUCUUUUUGAGGAGGAGCUCUUUUUGCUGCACUAGUUGCAUCAGAUGGUAACGCAUGGCUAAGCCGGAAAGGGGGAGAC
"N47C,N48G,N49G,N50C",0.057613169,UAAUACGACUCACUAUAGGGCCGCGACUCUAGAAGUGAUGCUCUGCCGGCAUAAUCGCGUGGAUAUGGCACGCAAGUUUCUACCGGGCACCGUAAAUGUCCGACUACUCCUAUUCCGGCACGUCCACGUCGUGCAGAGCGGUAACAUGCGUUACUAGGGGUGCAAGAGCUCUUUUUGAGGAGGAGCUCUUUUUGCUGCACUAGUUGCAUCAGAUGGUAACGCAUGGCUAAGCCGGAAAGGGGGAGAC
"N47C,N48G,N49G,N50G",0.049730276,UAAUACGACUCACUAUAGGGCCGCGACUCUAGAAGUGAUGCUCUGCCGGGAUAAUCGCGUGGAUAUGGCACGCAAGUUUCUACCGGGCACCGUAAAUGUCCGACUACUCCUAUUCCGGCACGUCCACGUCGUGCAGAGCGGUAACAUGCGUUACUAGGGGUGCAAGAGCUCUUUUUGAGGAGGAGCUCUUUUUGCUGCACUAGUUGCAUCAGAUGGUAACGCAUGGCUAAGCCGGAAAGGGGGAGAC
"N47C,N48G,N49G,N50U",0.0509325681492109,UAAUACGACUCACUAUAGGGCCGCGACUCUAGAAGUGAUGCUCUGCCGGUAUAAUCGCGUGGAUAUGGCACGCAAGUUUCUACCGGGCACCGUAAAUGUCCGACUACUCCUAUUCCGGCACGUCCACGUCGUGCAGAGCGGUAACAUGCGUUACUAGGGGUGCAAGAGCUCUUUUUGAGGAGGAGCUCUUUUUGCUGCACUAGUUGCAUCAGAUGGUAACGCAUGGCUAAGCCGGAAAGGGGGAGAC
"N47C,N48G,N49U,N50A",0.104698423020647,UAAUACGACUCACUAUAGGGCCGCGACUCUAGAAGUGAUGCUCUGCCGUAAUAAUCGCGUGGAUAUGGCACGCAAGUUUCUACCGGGCACCGUAAAUGUCCGACUACUCCUAUUCCGGCACGUCCACGUCGUGCAGAGCGGUAACAUGCGUUACUAGGGGUGCAAGAGCUCUUUUUGAGGAGGAGCUCUUUUUGCUGCACUAGUUGCAUCAGAUGGUAACGCAUGGCUAAGCCGGAAAGGGGGAGAC
"N47C,N48G,N49U,N50C",0.074499787,UAAUACGACUCACUAUAGGGCCGCGACUCUAGAAGUGAUGCUCUGCCGUCAUAAUCGCGUGGAUAUGGCACGCAAGUUUCUACCGGGCACCGUAAAUGUCCGACUACUCCUAUUCCGGCACGUCCACGUCGUGCAGAGCGGUAACAUGCGUUACUAGGGGUGCAAGAGCUCUUUUUGAGGAGGAGCUCUUUUUGCUGCACUAGUUGCAUCAGAUGGUAACGCAUGGCUAAGCCGGAAAGGGGGAGAC
"N47C,N48G,N49U,N50G",0.0543628808864265,UAAUACGACUCACUAUAGGGCCGCGACUCUAGAAGUGAUGCUCUGCCGUGAUAAUCGCGUGGAUAUGGCACGCAAGUUUCUACCGGGCACCGUAAAUGUCCGACUACUCCUAUUCCGGCACGUCCACGUCGUGCAGAGCGGUAACAUGCGUUACUAGGGGUGCAAGAGCUCUUUUUGAGGAGGAGCUCUUUUUGCUGCACUAGUUGCAUCAGAUGGUAACGCAUGGCUAAGCCGGAAAGGGGGAGAC
"N47C,N48G,N49U,N50U",0.073908375,UAAUACGACUCACUAUAGGGCCGCGACUCUAGAAGUGAUGCUCUGCCGUUAUAAUCGCGUGGAUAUGGCACGCAAGUUUCUACCGGGCACCGUAAAUGUCCGACUACUCCUAUUCCGGCACGUCCACGUCGUGCAGAGCGGUAACAUGCGUUACUAGGGGUGCAAGAGCUCUUUUUGAGGAGGAGCUCUUUUUGCUGCACUAGUUGCAUCAGAUGGUAACGCAUGGCUAAGCCGGAAAGGGGGAGAC
"N47C,N48U,N49A,N50A",0.1583688952110004,UAAUACGACUCACUAUAGGGCCGCGACUCUAGAAGUGAUGCUCUGCCUAAAUAAUCGCGUGGAUAUGGCACGCAAGUUUCUACCGGGCACCGUAAAUGUCCGACUACUCCUAUUCCGGCACGUCCACGUCGUGCAGAGCGGUAACAUGCGUUACUAGGGGUGCAAGAGCUCUUUUUGAGGAGGAGCUCUUUUUGCUGCACUAGUUGCAUCAGAUGGUAACGCAUGGCUAAGCCGGAAAGGGGGAGAC
"N47C,N48U,N49A,N50C",0.094829129,UAAUACGACUCACUAUAGGGCCGCGACUCUAGAAGUGAUGCUCUGCCUACAUAAUCGCGUGGAUAUGGCACGCAAGUUUCUACCGGGCACCGUAAAUGUCCGACUACUCCUAUUCCGGCACGUCCACGUCGUGCAGAGCGGUAACAUGCGUUACUAGGGGUGCAAGAGCUCUUUUUGAGGAGGAGCUCUUUUUGCUGCACUAGUUGCAUCAGAUGGUAACGCAUGGCUAAGCCGGAAAGGGGGAGAC
"N47C,N48U,N49A,N50G",0.077358146,UAAUACGACUCACUAUAGGGCCGCGACUCUAGAAGUGAUGCUCUGCCUAGAUAAUCGCGUGGAUAUGGCACGCAAGUUUCUACCGGGCACCGUAAAUGUCCGACUACUCCUAUUCCGGCACGUCCACGUCGUGCAGAGCGGUAACAUGCGUUACUAGGGGUGCAAGAGCUCUUUUUGAGGAGGAGCUCUUUUUGCUGCACUAGUUGCAUCAGAUGGUAACGCAUGGCUAAGCCGGAAAGGGGGAGAC
"N47C,N48U,N49A,N50U",0.1182714177407126,UAAUACGACUCACUAUAGGGCCGCGACUCUAGAAGUGAUGCUCUGCCUAUAUAAUCGCGUGGAUAUGGCACGCAAGUUUCUACCGGGCACCGUAAAUGUCCGACUACUCCUAUUCCGGCACGUCCACGUCGUGCAGAGCGGUAACAUGCGUUACUAGGGGUGCAAGAGCUCUUUUUGAGGAGGAGCUCUUUUUGCUGCACUAGUUGCAUCAGAUGGUAACGCAUGGCUAAGCCGGAAAGGGGGAGAC
"N47C,N48U,N49C,N50A",0.093867087,UAAUACGACUCACUAUAGGGCCGCGACUCUAGAAGUGAUGCUCUGCCUCAAUAAUCGCGUGGAUAUGGCACGCAAGUUUCUACCGGGCACCGUAAAUGUCCGACUACUCCUAUUCCGGCACGUCCACGUCGUGCAGAGCGGUAACAUGCGUUACUAGGGGUGCAAGAGCUCUUUUUGAGGAGGAGCUCUUUUUGCUGCACUAGUUGCAUCAGAUGGUAACGCAUGGCUAAGCCGGAAAGGGGGAGAC
"N47C,N48U,N49C,N50C",0.059173004,UAAUACGACUCACUAUAGGGCCGCGACUCUAGAAGUGAUGCUCUGCCUCCAUAAUCGCGUGGAUAUGGCACGCAAGUUUCUACCGGGCACCGUAAAUGUCCGACUACUCCUAUUCCGGCACGUCCACGUCGUGCAGAGCGGUAACAUGCGUUACUAGGGGUGCAAGAGCUCUUUUUGAGGAGGAGCUCUUUUUGCUGCACUAGUUGCAUCAGAUGGUAACGCAUGGCUAAGCCGGAAAGGGGGAGAC
"N47C,N48U,N49C,N50G",0.070290932,UAAUACGACUCACUAUAGGGCCGCGACUCUAGAAGUGAUGCUCUGCCUCGAUAAUCGCGUGGAUAUGGCACGCAAGUUUCUACCGGGCACCGUAAAUGUCCGACUACUCCUAUUCCGGCACGUCCACGUCGUGCAGAGCGGUAACAUGCGUUACUAGGGGUGCAAGAGCUCUUUUUGAGGAGGAGCUCUUUUUGCUGCACUAGUUGCAUCAGAUGGUAACGCAUGGCUAAGCCGGAAAGGGGGAGAC
"N47C,N48U,N49C,N50U",0.084188912,UAAUACGACUCACUAUAGGGCCGCGACUCUAGAAGUGAUGCUCUGCCUCUAUAAUCGCGUGGAUAUGGCACGCAAGUUUCUACCGGGCACCGUAAAUGUCCGACUACUCCUAUUCCGGCACGUCCACGUCGUGCAGAGCGGUAACAUGCGUUACUAGGGGUGCAAGAGCUCUUUUUGAGGAGGAGCUCUUUUUGCUGCACUAGUUGCAUCAGAUGGUAACGCAUGGCUAAGCCGGAAAGGGGGAGAC
"N47C,N48U,N49G,N50A",0.1181005242059821,UAAUACGACUCACUAUAGGGCCGCGACUCUAGAAGUGAUGCUCUGCCUGAAUAAUCGCGUGGAUAUGGCACGCAAGUUUCUACCGGGCACCGUAAAUGUCCGACUACUCCUAUUCCGGCACGUCCACGUCGUGCAGAGCGGUAACAUGCGUUACUAGGGGUGCAAGAGCUCUUUUUGAGGAGGAGCUCUUUUUGCUGCACUAGUUGCAUCAGAUGGUAACGCAUGGCUAAGCCGGAAAGGGGGAGAC
"N47C,N48U,N49G,N50C",0.066955494,UAAUACGACUCACUAUAGGGCCGCGACUCUAGAAGUGAUGCUCUGCCUGCAUAAUCGCGUGGAUAUGGCACGCAAGUUUCUACCGGGCACCGUAAAUGUCCGACUACUCCUAUUCCGGCACGUCCACGUCGUGCAGAGCGGUAACAUGCGUUACUAGGGGUGCAAGAGCUCUUUUUGAGGAGGAGCUCUUUUUGCUGCACUAGUUGCAUCAGAUGGUAACGCAUGGCUAAGCCGGAAAGGGGGAGAC
"N47C,N48U,N49G,N50G",0.074845245,UAAUACGACUCACUAUAGGGCCGCGACUCUAGAAGUGAUGCUCUGCCUGGAUAAUCGCGUGGAUAUGGCACGCAAGUUUCUACCGGGCACCGUAAAUGUCCGACUACUCCUAUUCCGGCACGUCCACGUCGUGCAGAGCGGUAACAUGCGUUACUAGGGGUGCAAGAGCUCUUUUUGAGGAGGAGCUCUUUUUGCUGCACUAGUUGCAUCAGAUGGUAACGCAUGGCUAAGCCGGAAAGGGGGAGAC
"N47C,N48U,N49G,N50U",0.1079282942154869,UAAUACGACUCACUAUAGGGCCGCGACUCUAGAAGUGAUGCUCUGCCUGUAUAAUCGCGUGGAUAUGGCACGCAAGUUUCUACCGGGCACCGUAAAUGUCCGACUACUCCUAUUCCGGCACGUCCACGUCGUGCAGAGCGGUAACAUGCGUUACUAGGGGUGCAAGAGCUCUUUUUGAGGAGGAGCUCUUUUUGCUGCACUAGUUGCAUCAGAUGGUAACGCAUGGCUAAGCCGGAAAGGGGGAGAC
"N47C,N48U,N49U,N50A",0.1193430656934306,UAAUACGACUCACUAUAGGGCCGCGACUCUAGAAGUGAUGCUCUGCCUUAAUAAUCGCGUGGAUAUGGCACGCAAGUUUCUACCGGGCACCGUAAAUGUCCGACUACUCCUAUUCCGGCACGUCCACGUCGUGCAGAGCGGUAACAUGCGUUACUAGGGGUGCAAGAGCUCUUUUUGAGGAGGAGCUCUUUUUGCUGCACUAGUUGCAUCAGAUGGUAACGCAUGGCUAAGCCGGAAAGGGGGAGAC
"N47C,N48U,N49U,N50C",0.093993086,UAAUACGACUCACUAUAGGGCCGCGACUCUAGAAGUGAUGCUCUGCCUUCAUAAUCGCGUGGAUAUGGCACGCAAGUUUCUACCGGGCACCGUAAAUGUCCGACUACUCCUAUUCCGGCACGUCCACGUCGUGCAGAGCGGUAACAUGCGUUACUAGGGGUGCAAGAGCUCUUUUUGAGGAGGAGCUCUUUUUGCUGCACUAGUUGCAUCAGAUGGUAACGCAUGGCUAAGCCGGAAAGGGGGAGAC
"N47C,N48U,N49U,N50G",0.069283214,UAAUACGACUCACUAUAGGGCCGCGACUCUAGAAGUGAUGCUCUGCCUUGAUAAUCGCGUGGAUAUGGCACGCAAGUUUCUACCGGGCACCGUAAAUGUCCGACUACUCCUAUUCCGGCACGUCCACGUCGUGCAGAGCGGUAACAUGCGUUACUAGGGGUGCAAGAGCUCUUUUUGAGGAGGAGCUCUUUUUGCUGCACUAGUUGCAUCAGAUGGUAACGCAUGGCUAAGCCGGAAAGGGGGAGAC
"N47C,N48U,N49U,N50U",0.1112033195020746,UAAUACGACUCACUAUAGGGCCGCGACUCUAGAAGUGAUGCUCUGCCUUUAUAAUCGCGUGGAUAUGGCACGCAAGUUUCUACCGGGCACCGUAAAUGUCCGACUACUCCUAUUCCGGCACGUCCACGUCGUGCAGAGCGGUAACAUGCGUUACUAGGGGUGCAAGAGCUCUUUUUGAGGAGGAGCUCUUUUUGCUGCACUAGUUGCAUCAGAUGGUAACGCAUGGCUAAGCCGGAAAGGGGGAGAC
"N47G,N48A,N49A,N50A",0.3360450563204005,UAAUACGACUCACUAUAGGGCCGCGACUCUAGAAGUGAUGCUCUGCGAAAAUAAUCGCGUGGAUAUGGCACGCAAGUUUCUACCGGGCACCGUAAAUGUCCGACUACUCCUAUUCCGGCACGUCCACGUCGUGCAGAGCGGUAACAUGCGUUACUAGGGGUGCAAGAGCUCUUUUUGAGGAGGAGCUCUUUUUGCUGCACUAGUUGCAUCAGAUGGUAACGCAUGGCUAAGCCGGAAAGGGGGAGAC
"N47G,N48A,N49A,N50C",0.2510162601626016,UAAUACGACUCACUAUAGGGCCGCGACUCUAGAAGUGAUGCUCUGCGAACAUAAUCGCGUGGAUAUGGCACGCAAGUUUCUACCGGGCACCGUAAAUGUCCGACUACUCCUAUUCCGGCACGUCCACGUCGUGCAGAGCGGUAACAUGCGUUACUAGGGGUGCAAGAGCUCUUUUUGAGGAGGAGCUCUUUUUGCUGCACUAGUUGCAUCAGAUGGUAACGCAUGGCUAAGCCGGAAAGGGGGAGAC
"N47G,N48A,N49A,N50G",0.2619486597645724,UAAUACGACUCACUAUAGGGCCGCGACUCUAGAAGUGAUGCUCUGCGAAGAUAAUCGCGUGGAUAUGGCACGCAAGUUUCUACCGGGCACCGUAAAUGUCCGACUACUCCUAUUCCGGCACGUCCACGUCGUGCAGAGCGGUAACAUGCGUUACUAGGGGUGCAAGAGCUCUUUUUGAGGAGGAGCUCUUUUUGCUGCACUAGUUGCAUCAGAUGGUAACGCAUGGCUAAGCCGGAAAGGGGGAGAC
"N47G,N48A,N49A,N50U",0.2825597115817936,UAAUACGACUCACUAUAGGGCCGCGACUCUAGAAGUGAUGCUCUGCGAAUAUAAUCGCGUGGAUAUGGCACGCAAGUUUCUACCGGGCACCGUAAAUGUCCGACUACUCCUAUUCCGGCACGUCCACGUCGUGCAGAGCGGUAACAUGCGUUACUAGGGGUGCAAGAGCUCUUUUUGAGGAGGAGCUCUUUUUGCUGCACUAGUUGCAUCAGAUGGUAACGCAUGGCUAAGCCGGAAAGGGGGAGAC
"N47G,N48A,N49C,N50A",0.1070341291459702,UAAUACGACUCACUAUAGGGCCGCGACUCUAGAAGUGAUGCUCUGCGACAAUAAUCGCGUGGAUAUGGCACGCAAGUUUCUACCGGGCACCGUAAAUGUCCGACUACUCCUAUUCCGGCACGUCCACGUCGUGCAGAGCGGUAACAUGCGUUACUAGGGGUGCAAGAGCUCUUUUUGAGGAGGAGCUCUUUUUGCUGCACUAGUUGCAUCAGAUGGUAACGCAUGGCUAAGCCGGAAAGGGGGAGAC
"N47G,N48A,N49C,N50C",0.068562722,UAAUACGACUCACUAUAGGGCCGCGACUCUAGAAGUGAUGCUCUGCGACCAUAAUCGCGUGGAUAUGGCACGCAAGUUUCUACCGGGCACCGUAAAUGUCCGACUACUCCUAUUCCGGCACGUCCACGUCGUGCAGAGCGGUAACAUGCGUUACUAGGGGUGCAAGAGCUCUUUUUGAGGAGGAGCUCUUUUUGCUGCACUAGUUGCAUCAGAUGGUAACGCAUGGCUAAGCCGGAAAGGGGGAGAC
"N47G,N48A,N49C,N50G",0.06404533,UAAUACGACUCACUAUAGGGCCGCGACUCUAGAAGUGAUGCUCUGCGACGAUAAUCGCGUGGAUAUGGCACGCAAGUUUCUACCGGGCACCGUAAAUGUCCGACUACUCCUAUUCCGGCACGUCCACGUCGUGCAGAGCGGUAACAUGCGUUACUAGGGGUGCAAGAGCUCUUUUUGAGGAGGAGCUCUUUUUGCUGCACUAGUUGCAUCAGAUGGUAACGCAUGGCUAAGCCGGAAAGGGGGAGAC
"N47G,N48A,N49C,N50U",0.092285245,UAAUACGACUCACUAUAGGGCCGCGACUCUAGAAGUGAUGCUCUGCGACUAUAAUCGCGUGGAUAUGGCACGCAAGUUUCUACCGGGCACCGUAAAUGUCCGACUACUCCUAUUCCGGCACGUCCACGUCGUGCAGAGCGGUAACAUGCGUUACUAGGGGUGCAAGAGCUCUUUUUGAGGAGGAGCUCUUUUUGCUGCACUAGUUGCAUCAGAUGGUAACGCAUGGCUAAGCCGGAAAGGGGGAGAC
"N47G,N48A,N49G,N50A",0.1330208028127746,UAAUACGACUCACUAUAGGGCCGCGACUCUAGAAGUGAUGCUCUGCGAGAAUAAUCGCGUGGAUAUGGCACGCAAGUUUCUACCGGGCACCGUAAAUGUCCGACUACUCCUAUUCCGGCACGUCCACGUCGUGCAGAGCGGUAACAUGCGUUACUAGGGGUGCAAGAGCUCUUUUUGAGGAGGAGCUCUUUUUGCUGCACUAGUUGCAUCAGAUGGUAACGCAUGGCUAAGCCGGAAAGGGGGAGAC
"N47G,N48A,N49G,N50C",0.094481776,UAAUACGACUCACUAUAGGGCCGCGACUCUAGAAGUGAUGCUCUGCGAGCAUAAUCGCGUGGAUAUGGCACGCAAGUUUCUACCGGGCACCGUAAAUGUCCGACUACUCCUAUUCCGGCACGUCCACGUCGUGCAGAGCGGUAACAUGCGUUACUAGGGGUGCAAGAGCUCUUUUUGAGGAGGAGCUCUUUUUGCUGCACUAGUUGCAUCAGAUGGUAACGCAUGGCUAAGCCGGAAAGGGGGAGAC
"N47G,N48A,N49G,N50G",0.1120807665982204,UAAUACGACUCACUAUAGGGCCGCGACUCUAGAAGUGAUGCUCUGCGAGGAUAAUCGCGUGGAUAUGGCACGCAAGUUUCUACCGGGCACCGUAAAUGUCCGACUACUCCUAUUCCGGCACGUCCACGUCGUGCAGAGCGGUAACAUGCGUUACUAGGGGUGCAAGAGCUCUUUUUGAGGAGGAGCUCUUUUUGCUGCACUAGUUGCAUCAGAUGGUAACGCAUGGCUAAGCCGGAAAGGGGGAGAC
"N47G,N48A,N49G,N50U",0.1185862935055615,UAAUACGACUCACUAUAGGGCCGCGACUCUAGAAGUGAUGCUCUGCGAGUAUAAUCGCGUGGAUAUGGCACGCAAGUUUCUACCGGGCACCGUAAAUGUCCGACUACUCCUAUUCCGGCACGUCCACGUCGUGCAGAGCGGUAACAUGCGUUACUAGGGGUGCAAGAGCUCUUUUUGAGGAGGAGCUCUUUUUGCUGCACUAGUUGCAUCAGAUGGUAACGCAUGGCUAAGCCGGAAAGGGGGAGAC
"N47G,N48A,N49U,N50A",0.1143823353888999,UAAUACGACUCACUAUAGGGCCGCGACUCUAGAAGUGAUGCUCUGCGAUAAUAAUCGCGUGGAUAUGGCACGCAAGUUUCUACCGGGCACCGUAAAUGUCCGACUACUCCUAUUCCGGCACGUCCACGUCGUGCAGAGCGGUAACAUGCGUUACUAGGGGUGCAAGAGCUCUUUUUGAGGAGGAGCUCUUUUUGCUGCACUAGUUGCAUCAGAUGGUAACGCAUGGCUAAGCCGGAAAGGGGGAGAC
"N47G,N48A,N49U,N50C",0.090679522,UAAUACGACUCACUAUAGGGCCGCGACUCUAGAAGUGAUGCUCUGCGAUCAUAAUCGCGUGGAUAUGGCACGCAAGUUUCUACCGGGCACCGUAAAUGUCCGACUACUCCUAUUCCGGCACGUCCACGUCGUGCAGAGCGGUAACAUGCGUUACUAGGGGUGCAAGAGCUCUUUUUGAGGAGGAGCUCUUUUUGCUGCACUAGUUGCAUCAGAUGGUAACGCAUGGCUAAGCCGGAAAGGGGGAGAC
"N47G,N48A,N49U,N50G",0.075160659,UAAUACGACUCACUAUAGGGCCGCGACUCUAGAAGUGAUGCUCUGCGAUGAUAAUCGCGUGGAUAUGGCACGCAAGUUUCUACCGGGCACCGUAAAUGUCCGACUACUCCUAUUCCGGCACGUCCACGUCGUGCAGAGCGGUAACAUGCGUUACUAGGGGUGCAAGAGCUCUUUUUGAGGAGGAGCUCUUUUUGCUGCACUAGUUGCAUCAGAUGGUAACGCAUGGCUAAGCCGGAAAGGGGGAGAC
"N47G,N48A,N49U,N50U",0.083248212,UAAUACGACUCACUAUAGGGCCGCGACUCUAGAAGUGAUGCUCUGCGAUUAUAAUCGCGUGGAUAUGGCACGCAAGUUUCUACCGGGCACCGUAAAUGUCCGACUACUCCUAUUCCGGCACGUCCACGUCGUGCAGAGCGGUAACAUGCGUUACUAGGGGUGCAAGAGCUCUUUUUGAGGAGGAGCUCUUUUUGCUGCACUAGUUGCAUCAGAUGGUAACGCAUGGCUAAGCCGGAAAGGGGGAGAC
"N47G,N48C,N49A,N50A",0.070504732,UAAUACGACUCACUAUAGGGCCGCGACUCUAGAAGUGAUGCUCUGCGCAAAUAAUCGCGUGGAUAUGGCACGCAAGUUUCUACCGGGCACCGUAAAUGUCCGACUACUCCUAUUCCGGCACGUCCACGUCGUGCAGAGCGGUAACAUGCGUUACUAGGGGUGCAAGAGCUCUUUUUGAGGAGGAGCUCUUUUUGCUGCACUAGUUGCAUCAGAUGGUAACGCAUGGCUAAGCCGGAAAGGGGGAGAC
"N47G,N48C,N49A,N50C",0.036037668,UAAUACGACUCACUAUAGGGCCGCGACUCUAGAAGUGAUGCUCUGCGCACAUAAUCGCGUGGAUAUGGCACGCAAGUUUCUACCGGGCACCGUAAAUGUCCGACUACUCCUAUUCCGGCACGUCCACGUCGUGCAGAGCGGUAACAUGCGUUACUAGGGGUGCAAGAGCUCUUUUUGAGGAGGAGCUCUUUUUGCUGCACUAGUUGCAUCAGAUGGUAACGCAUGGCUAAGCCGGAAAGGGGGAGAC
"N47G,N48C,N49A,N50G",0.043205575,UAAUACGACUCACUAUAGGGCCGCGACUCUAGAAGUGAUGCUCUGCGCAGAUAAUCGCGUGGAUAUGGCACGCAAGUUUCUACCGGGCACCGUAAAUGUCCGACUACUCCUAUUCCGGCACGUCCACGUCGUGCAGAGCGGUAACAUGCGUUACUAGGGGUGCAAGAGCUCUUUUUGAGGAGGAGCUCUUUUUGCUGCACUAGUUGCAUCAGAUGGUAACGCAUGGCUAAGCCGGAAAGGGGGAGAC
"N47G,N48C,N49A,N50U",0.043438584,UAAUACGACUCACUAUAGGGCCGCGACUCUAGAAGUGAUGCUCUGCGCAUAUAAUCGCGUGGAUAUGGCACGCAAGUUUCUACCGGGCACCGUAAAUGUCCGACUACUCCUAUUCCGGCACGUCCACGUCGUGCAGAGCGGUAACAUGCGUUACUAGGGGUGCAAGAGCUCUUUUUGAGGAGGAGCUCUUUUUGCUGCACUAGUUGCAUCAGAUGGUAACGCAUGGCUAAGCCGGAAAGGGGGAGAC
"N47G,N48C,N49C,N50A",0.04927751,UAAUACGACUCACUAUAGGGCCGCGACUCUAGAAGUGAUGCUCUGCGCCAAUAAUCGCGUGGAUAUGGCACGCAAGUUUCUACCGGGCACCGUAAAUGUCCGACUACUCCUAUUCCGGCACGUCCACGUCGUGCAGAGCGGUAACAUGCGUUACUAGGGGUGCAAGAGCUCUUUUUGAGGAGGAGCUCUUUUUGCUGCACUAGUUGCAUCAGAUGGUAACGCAUGGCUAAGCCGGAAAGGGGGAGAC
"N47G,N48C,N49C,N50C",0.1056928508384819,UAAUACGACUCACUAUAGGGCCGCGACUCUAGAAGUGAUGCUCUGCGCCCAUAAUCGCGUGGAUAUGGCACGCAAGUUUCUACCGGGCACCGUAAAUGUCCGACUACUCCUAUUCCGGCACGUCCACGUCGUGCAGAGCGGUAACAUGCGUUACUAGGGGUGCAAGAGCUCUUUUUGAGGAGGAGCUCUUUUUGCUGCACUAGUUGCAUCAGAUGGUAACGCAUGGCUAAGCCGGAAAGGGGGAGAC
"N47G,N48C,N49C,N50G",0.040682675,UAAUACGACUCACUAUAGGGCCGCGACUCUAGAAGUGAUGCUCUGCGCCGAUAAUCGCGUGGAUAUGGCACGCAAGUUUCUACCGGGCACCGUAAAUGUCCGACUACUCCUAUUCCGGCACGUCCACGUCGUGCAGAGCGGUAACAUGCGUUACUAGGGGUGCAAGAGCUCUUUUUGAGGAGGAGCUCUUUUUGCUGCACUAGUUGCAUCAGAUGGUAACGCAUGGCUAAGCCGGAAAGGGGGAGAC
"N47G,N48C,N49C,N50U",0.080024943,UAAUACGACUCACUAUAGGGCCGCGACUCUAGAAGUGAUGCUCUGCGCCUAUAAUCGCGUGGAUAUGGCACGCAAGUUUCUACCGGGCACCGUAAAUGUCCGACUACUCCUAUUCCGGCACGUCCACGUCGUGCAGAGCGGUAACAUGCGUUACUAGGGGUGCAAGAGCUCUUUUUGAGGAGGAGCUCUUUUUGCUGCACUAGUUGCAUCAGAUGGUAACGCAUGGCUAAGCCGGAAAGGGGGAGAC
"N47G,N48C,N49G,N50A",0.0265108323831242,UAAUACGACUCACUAUAGGGCCGCGACUCUAGAAGUGAUGCUCUGCGCGAAUAAUCGCGUGGAUAUGGCACGCAAGUUUCUACCGGGCACCGUAAAUGUCCGACUACUCCUAUUCCGGCACGUCCACGUCGUGCAGAGCGGUAACAUGCGUUACUAGGGGUGCAAGAGCUCUUUUUGAGGAGGAGCUCUUUUUGCUGCACUAGUUGCAUCAGAUGGUAACGCAUGGCUAAGCCGGAAAGGGGGAGAC
"N47G,N48C,N49G,N50C",0.017886179,UAAUACGACUCACUAUAGGGCCGCGACUCUAGAAGUGAUGCUCUGCGCGCAUAAUCGCGUGGAUAUGGCACGCAAGUUUCUACCGGGCACCGUAAAUGUCCGACUACUCCUAUUCCGGCACGUCCACGUCGUGCAGAGCGGUAACAUGCGUUACUAGGGGUGCAAGAGCUCUUUUUGAGGAGGAGCUCUUUUUGCUGCACUAGUUGCAUCAGAUGGUAACGCAUGGCUAAGCCGGAAAGGGGGAGAC
"N47G,N48C,N49G,N50G",0.018987342,UAAUACGACUCACUAUAGGGCCGCGACUCUAGAAGUGAUGCUCUGCGCGGAUAAUCGCGUGGAUAUGGCACGCAAGUUUCUACCGGGCACCGUAAAUGUCCGACUACUCCUAUUCCGGCACGUCCACGUCGUGCAGAGCGGUAACAUGCGUUACUAGGGGUGCAAGAGCUCUUUUUGAGGAGGAGCUCUUUUUGCUGCACUAGUUGCAUCAGAUGGUAACGCAUGGCUAAGCCGGAAAGGGGGAGAC
"N47G,N48C,N49G,N50U",0.0237762237762237,UAAUACGACUCACUAUAGGGCCGCGACUCUAGAAGUGAUGCUCUGCGCGUAUAAUCGCGUGGAUAUGGCACGCAAGUUUCUACCGGGCACCGUAAAUGUCCGACUACUCCUAUUCCGGCACGUCCACGUCGUGCAGAGCGGUAACAUGCGUUACUAGGGGUGCAAGAGCUCUUUUUGAGGAGGAGCUCUUUUUGCUGCACUAGUUGCAUCAGAUGGUAACGCAUGGCUAAGCCGGAAAGGGGGAGAC
"N47G,N48C,N49U,N50A",0.0345781466113416,UAAUACGACUCACUAUAGGGCCGCGACUCUAGAAGUGAUGCUCUGCGCUAAUAAUCGCGUGGAUAUGGCACGCAAGUUUCUACCGGGCACCGUAAAUGUCCGACUACUCCUAUUCCGGCACGUCCACGUCGUGCAGAGCGGUAACAUGCGUUACUAGGGGUGCAAGAGCUCUUUUUGAGGAGGAGCUCUUUUUGCUGCACUAGUUGCAUCAGAUGGUAACGCAUGGCUAAGCCGGAAAGGGGGAGAC
"N47G,N48C,N49U,N50C",0.05093088,UAAUACGACUCACUAUAGGGCCGCGACUCUAGAAGUGAUGCUCUGCGCUCAUAAUCGCGUGGAUAUGGCACGCAAGUUUCUACCGGGCACCGUAAAUGUCCGACUACUCCUAUUCCGGCACGUCCACGUCGUGCAGAGCGGUAACAUGCGUUACUAGGGGUGCAAGAGCUCUUUUUGAGGAGGAGCUCUUUUUGCUGCACUAGUUGCAUCAGAUGGUAACGCAUGGCUAAGCCGGAAAGGGGGAGAC
"N47G,N48C,N49U,N50G",0.0281238875044499,UAAUACGACUCACUAUAGGGCCGCGACUCUAGAAGUGAUGCUCUGCGCUGAUAAUCGCGUGGAUAUGGCACGCAAGUUUCUACCGGGCACCGUAAAUGUCCGACUACUCCUAUUCCGGCACGUCCACGUCGUGCAGAGCGGUAACAUGCGUUACUAGGGGUGCAAGAGCUCUUUUUGAGGAGGAGCUCUUUUUGCUGCACUAGUUGCAUCAGAUGGUAACGCAUGGCUAAGCCGGAAAGGGGGAGAC
"N47G,N48C,N49U,N50U",0.035700793,UAAUACGACUCACUAUAGGGCCGCGACUCUAGAAGUGAUGCUCUGCGCUUAUAAUCGCGUGGAUAUGGCACGCAAGUUUCUACCGGGCACCGUAAAUGUCCGACUACUCCUAUUCCGGCACGUCCACGUCGUGCAGAGCGGUAACAUGCGUUACUAGGGGUGCAAGAGCUCUUUUUGAGGAGGAGCUCUUUUUGCUGCACUAGUUGCAUCAGAUGGUAACGCAUGGCUAAGCCGGAAAGGGGGAGAC
"N47G,N48G,N49A,N50A",0.1437960042060988,UAAUACGACUCACUAUAGGGCCGCGACUCUAGAAGUGAUGCUCUGCGGAAAUAAUCGCGUGGAUAUGGCACGCAAGUUUCUACCGGGCACCGUAAAUGUCCGACUACUCCUAUUCCGGCACGUCCACGUCGUGCAGAGCGGUAACAUGCGUUACUAGGGGUGCAAGAGCUCUUUUUGAGGAGGAGCUCUUUUUGCUGCACUAGUUGCAUCAGAUGGUAACGCAUGGCUAAGCCGGAAAGGGGGAGAC
"N47G,N48G,N49A,N50C",0.1021694517736734,UAAUACGACUCACUAUAGGGCCGCGACUCUAGAAGUGAUGCUCUGCGGACAUAAUCGCGUGGAUAUGGCACGCAAGUUUCUACCGGGCACCGUAAAUGUCCGACUACUCCUAUUCCGGCACGUCCACGUCGUGCAGAGCGGUAACAUGCGUUACUAGGGGUGCAAGAGCUCUUUUUGAGGAGGAGCUCUUUUUGCUGCACUAGUUGCAUCAGAUGGUAACGCAUGGCUAAGCCGGAAAGGGGGAGAC
"N47G,N48G,N49A,N50G",0.1302514681523867,UAAUACGACUCACUAUAGGGCCGCGACUCUAGAAGUGAUGCUCUGCGGAGAUAAUCGCGUGGAUAUGGCACGCAAGUUUCUACCGGGCACCGUAAAUGUCCGACUACUCCUAUUCCGGCACGUCCACGUCGUGCAGAGCGGUAACAUGCGUUACUAGGGGUGCAAGAGCUCUUUUUGAGGAGGAGCUCUUUUUGCUGCACUAGUUGCAUCAGAUGGUAACGCAUGGCUAAGCCGGAAAGGGGGAGAC
"N47G,N48G,N49A,N50U",0.1141043505186561,UAAUACGACUCACUAUAGGGCCGCGACUCUAGAAGUGAUGCUCUGCGGAUAUAAUCGCGUGGAUAUGGCACGCAAGUUUCUACCGGGCACCGUAAAUGUCCGACUACUCCUAUUCCGGCACGUCCACGUCGUGCAGAGCGGUAACAUGCGUUACUAGGGGUGCAAGAGCUCUUUUUGAGGAGGAGCUCUUUUUGCUGCACUAGUUGCAUCAGAUGGUAACGCAUGGCUAAGCCGGAAAGGGGGAGAC
"N47G,N48G,N49C,N50A",0.066874028,UAAUACGACUCACUAUAGGGCCGCGACUCUAGAAGUGAUGCUCUGCGGCAAUAAUCGCGUGGAUAUGGCACGCAAGUUUCUACCGGGCACCGUAAAUGUCCGACUACUCCUAUUCCGGCACGUCCACGUCGUGCAGAGCGGUAACAUGCGUUACUAGGGGUGCAAGAGCUCUUUUUGAGGAGGAGCUCUUUUUGCUGCACUAGUUGCAUCAGAUGGUAACGCAUGGCUAAGCCGGAAAGGGGGAGAC
"N47G,N48G,N49C,N50C",0.005481597,UAAUACGACUCACUAUAGGGCCGCGACUCUAGAAGUGAUGCUCUGCGGCCAUAAUCGCGUGGAUAUGGCACGCAAGUUUCUACCGGGCACCGUAAAUGUCCGACUACUCCUAUUCCGGCACGUCCACGUCGUGCAGAGCGGUAACAUGCGUUACUAGGGGUGCAAGAGCUCUUUUUGAGGAGGAGCUCUUUUUGCUGCACUAGUUGCAUCAGAUGGUAACGCAUGGCUAAGCCGGAAAGGGGGAGAC
"N47G,N48G,N49C,N50G",0.037502664,UAAUACGACUCACUAUAGGGCCGCGACUCUAGAAGUGAUGCUCUGCGGCGAUAAUCGCGUGGAUAUGGCACGCAAGUUUCUACCGGGCACCGUAAAUGUCCGACUACUCCUAUUCCGGCACGUCCACGUCGUGCAGAGCGGUAACAUGCGUUACUAGGGGUGCAAGAGCUCUUUUUGAGGAGGAGCUCUUUUUGCUGCACUAGUUGCAUCAGAUGGUAACGCAUGGCUAAGCCGGAAAGGGGGAGAC
"N47G,N48G,N49C,N50U",0.0248435054773082,UAAUACGACUCACUAUAGGGCCGCGACUCUAGAAGUGAUGCUCUGCGGCUAUAAUCGCGUGGAUAUGGCACGCAAGUUUCUACCGGGCACCGUAAAUGUCCGACUACUCCUAUUCCGGCACGUCCACGUCGUGCAGAGCGGUAACAUGCGUUACUAGGGGUGCAAGAGCUCUUUUUGAGGAGGAGCUCUUUUUGCUGCACUAGUUGCAUCAGAUGGUAACGCAUGGCUAAGCCGGAAAGGGGGAGAC
"N47G,N48G,N49G,N50A",0.095585084,UAAUACGACUCACUAUAGGGCCGCGACUCUAGAAGUGAUGCUCUGCGGGAAUAAUCGCGUGGAUAUGGCACGCAAGUUUCUACCGGGCACCGUAAAUGUCCGACUACUCCUAUUCCGGCACGUCCACGUCGUGCAGAGCGGUAACAUGCGUUACUAGGGGUGCAAGAGCUCUUUUUGAGGAGGAGCUCUUUUUGCUGCACUAGUUGCAUCAGAUGGUAACGCAUGGCUAAGCCGGAAAGGGGGAGAC
"N47G,N48G,N49G,N50C",0.06965615,UAAUACGACUCACUAUAGGGCCGCGACUCUAGAAGUGAUGCUCUGCGGGCAUAAUCGCGUGGAUAUGGCACGCAAGUUUCUACCGGGCACCGUAAAUGUCCGACUACUCCUAUUCCGGCACGUCCACGUCGUGCAGAGCGGUAACAUGCGUUACUAGGGGUGCAAGAGCUCUUUUUGAGGAGGAGCUCUUUUUGCUGCACUAGUUGCAUCAGAUGGUAACGCAUGGCUAAGCCGGAAAGGGGGAGAC
"N47G,N48G,N49G,N50G",0.084745763,UAAUACGACUCACUAUAGGGCCGCGACUCUAGAAGUGAUGCUCUGCGGGGAUAAUCGCGUGGAUAUGGCACGCAAGUUUCUACCGGGCACCGUAAAUGUCCGACUACUCCUAUUCCGGCACGUCCACGUCGUGCAGAGCGGUAACAUGCGUUACUAGGGGUGCAAGAGCUCUUUUUGAGGAGGAGCUCUUUUUGCUGCACUAGUUGCAUCAGAUGGUAACGCAUGGCUAAGCCGGAAAGGGGGAGAC
"N47G,N48G,N49G,N50U",0.089064748,UAAUACGACUCACUAUAGGGCCGCGACUCUAGAAGUGAUGCUCUGCGGGUAUAAUCGCGUGGAUAUGGCACGCAAGUUUCUACCGGGCACCGUAAAUGUCCGACUACUCCUAUUCCGGCACGUCCACGUCGUGCAGAGCGGUAACAUGCGUUACUAGGGGUGCAAGAGCUCUUUUUGAGGAGGAGCUCUUUUUGCUGCACUAGUUGCAUCAGAUGGUAACGCAUGGCUAAGCCGGAAAGGGGGAGAC
"N47G,N48G,N49U,N50A",0.094611335,UAAUACGACUCACUAUAGGGCCGCGACUCUAGAAGUGAUGCUCUGCGGUAAUAAUCGCGUGGAUAUGGCACGCAAGUUUCUACCGGGCACCGUAAAUGUCCGACUACUCCUAUUCCGGCACGUCCACGUCGUGCAGAGCGGUAACAUGCGUUACUAGGGGUGCAAGAGCUCUUUUUGAGGAGGAGCUCUUUUUGCUGCACUAGUUGCAUCAGAUGGUAACGCAUGGCUAAGCCGGAAAGGGGGAGAC
"N47G,N48G,N49U,N50C",0.01369863,UAAUACGACUCACUAUAGGGCCGCGACUCUAGAAGUGAUGCUCUGCGGUCAUAAUCGCGUGGAUAUGGCACGCAAGUUUCUACCGGGCACCGUAAAUGUCCGACUACUCCUAUUCCGGCACGUCCACGUCGUGCAGAGCGGUAACAUGCGUUACUAGGGGUGCAAGAGCUCUUUUUGAGGAGGAGCUCUUUUUGCUGCACUAGUUGCAUCAGAUGGUAACGCAUGGCUAAGCCGGAAAGGGGGAGAC
"N47G,N48G,N49U,N50G",0.049114891,UAAUACGACUCACUAUAGGGCCGCGACUCUAGAAGUGAUGCUCUGCGGUGAUAAUCGCGUGGAUAUGGCACGCAAGUUUCUACCGGGCACCGUAAAUGUCCGACUACUCCUAUUCCGGCACGUCCACGUCGUGCAGAGCGGUAACAUGCGUUACUAGGGGUGCAAGAGCUCUUUUUGAGGAGGAGCUCUUUUUGCUGCACUAGUUGCAUCAGAUGGUAACGCAUGGCUAAGCCGGAAAGGGGGAGAC
"N47G,N48G,N49U,N50U",0.056859051,UAAUACGACUCACUAUAGGGCCGCGACUCUAGAAGUGAUGCUCUGCGGUUAUAAUCGCGUGGAUAUGGCACGCAAGUUUCUACCGGGCACCGUAAAUGUCCGACUACUCCUAUUCCGGCACGUCCACGUCGUGCAGAGCGGUAACAUGCGUUACUAGGGGUGCAAGAGCUCUUUUUGAGGAGGAGCUCUUUUUGCUGCACUAGUUGCAUCAGAUGGUAACGCAUGGCUAAGCCGGAAAGGGGGAGAC
"N47G,N48U,N49A,N50A",0.1335640138408304,UAAUACGACUCACUAUAGGGCCGCGACUCUAGAAGUGAUGCUCUGCGUAAAUAAUCGCGUGGAUAUGGCACGCAAGUUUCUACCGGGCACCGUAAAUGUCCGACUACUCCUAUUCCGGCACGUCCACGUCGUGCAGAGCGGUAACAUGCGUUACUAGGGGUGCAAGAGCUCUUUUUGAGGAGGAGCUCUUUUUGCUGCACUAGUUGCAUCAGAUGGUAACGCAUGGCUAAGCCGGAAAGGGGGAGAC
"N47G,N48U,N49A,N50C",0.0484165651644336,UAAUACGACUCACUAUAGGGCCGCGACUCUAGAAGUGAUGCUCUGCGUACAUAAUCGCGUGGAUAUGGCACGCAAGUUUCUACCGGGCACCGUAAAUGUCCGACUACUCCUAUUCCGGCACGUCCACGUCGUGCAGAGCGGUAACAUGCGUUACUAGGGGUGCAAGAGCUCUUUUUGAGGAGGAGCUCUUUUUGCUGCACUAGUUGCAUCAGAUGGUAACGCAUGGCUAAGCCGGAAAGGGGGAGAC
"N47G,N48U,N49A,N50G",0.034693878,UAAUACGACUCACUAUAGGGCCGCGACUCUAGAAGUGAUGCUCUGCGUAGAUAAUCGCGUGGAUAUGGCACGCAAGUUUCUACCGGGCACCGUAAAUGUCCGACUACUCCUAUUCCGGCACGUCCACGUCGUGCAGAGCGGUAACAUGCGUUACUAGGGGUGCAAGAGCUCUUUUUGAGGAGGAGCUCUUUUUGCUGCACUAGUUGCAUCAGAUGGUAACGCAUGGCUAAGCCGGAAAGGGGGAGAC
"N47G,N48U,N49A,N50U",0.068135002,UAAUACGACUCACUAUAGGGCCGCGACUCUAGAAGUGAUGCUCUGCGUAUAUAAUCGCGUGGAUAUGGCACGCAAGUUUCUACCGGGCACCGUAAAUGUCCGACUACUCCUAUUCCGGCACGUCCACGUCGUGCAGAGCGGUAACAUGCGUUACUAGGGGUGCAAGAGCUCUUUUUGAGGAGGAGCUCUUUUUGCUGCACUAGUUGCAUCAGAUGGUAACGCAUGGCUAAGCCGGAAAGGGGGAGAC
"N47G,N48U,N49C,N50A",0.085736404,UAAUACGACUCACUAUAGGGCCGCGACUCUAGAAGUGAUGCUCUGCGUCAAUAAUCGCGUGGAUAUGGCACGCAAGUUUCUACCGGGCACCGUAAAUGUCCGACUACUCCUAUUCCGGCACGUCCACGUCGUGCAGAGCGGUAACAUGCGUUACUAGGGGUGCAAGAGCUCUUUUUGAGGAGGAGCUCUUUUUGCUGCACUAGUUGCAUCAGAUGGUAACGCAUGGCUAAGCCGGAAAGGGGGAGAC
"N47G,N48U,N49C,N50C",0.0146640402713941,UAAUACGACUCACUAUAGGGCCGCGACUCUAGAAGUGAUGCUCUGCGUCCAUAAUCGCGUGGAUAUGGCACGCAAGUUUCUACCGGGCACCGUAAAUGUCCGACUACUCCUAUUCCGGCACGUCCACGUCGUGCAGAGCGGUAACAUGCGUUACUAGGGGUGCAAGAGCUCUUUUUGAGGAGGAGCUCUUUUUGCUGCACUAGUUGCAUCAGAUGGUAACGCAUGGCUAAGCCGGAAAGGGGGAGAC
"N47G,N48U,N49C,N50G",0.0561622464898595,UAAUACGACUCACUAUAGGGCCGCGACUCUAGAAGUGAUGCUCUGCGUCGAUAAUCGCGUGGAUAUGGCACGCAAGUUUCUACCGGGCACCGUAAAUGUCCGACUACUCCUAUUCCGGCACGUCCACGUCGUGCAGAGCGGUAACAUGCGUUACUAGGGGUGCAAGAGCUCUUUUUGAGGAGGAGCUCUUUUUGCUGCACUAGUUGCAUCAGAUGGUAACGCAUGGCUAAGCCGGAAAGGGGGAGAC
"N47G,N48U,N49C,N50U",0.0611661166116611,UAAUACGACUCACUAUAGGGCCGCGACUCUAGAAGUGAUGCUCUGCGUCUAUAAUCGCGUGGAUAUGGCACGCAAGUUUCUACCGGGCACCGUAAAUGUCCGACUACUCCUAUUCCGGCACGUCCACGUCGUGCAGAGCGGUAACAUGCGUUACUAGGGGUGCAAGAGCUCUUUUUGAGGAGGAGCUCUUUUUGCUGCACUAGUUGCAUCAGAUGGUAACGCAUGGCUAAGCCGGAAAGGGGGAGAC
"N47G,N48U,N49G,N50A",0.049149879,UAAUACGACUCACUAUAGGGCCGCGACUCUAGAAGUGAUGCUCUGCGUGAAUAAUCGCGUGGAUAUGGCACGCAAGUUUCUACCGGGCACCGUAAAUGUCCGACUACUCCUAUUCCGGCACGUCCACGUCGUGCAGAGCGGUAACAUGCGUUACUAGGGGUGCAAGAGCUCUUUUUGAGGAGGAGCUCUUUUUGCUGCACUAGUUGCAUCAGAUGGUAACGCAUGGCUAAGCCGGAAAGGGGGAGAC
"N47G,N48U,N49G,N50C",0.008193598,UAAUACGACUCACUAUAGGGCCGCGACUCUAGAAGUGAUGCUCUGCGUGCAUAAUCGCGUGGAUAUGGCACGCAAGUUUCUACCGGGCACCGUAAAUGUCCGACUACUCCUAUUCCGGCACGUCCACGUCGUGCAGAGCGGUAACAUGCGUUACUAGGGGUGCAAGAGCUCUUUUUGAGGAGGAGCUCUUUUUGCUGCACUAGUUGCAUCAGAUGGUAACGCAUGGCUAAGCCGGAAAGGGGGAGAC
"N47G,N48U,N49G,N50G",0.0273402674591381,UAAUACGACUCACUAUAGGGCCGCGACUCUAGAAGUGAUGCUCUGCGUGGAUAAUCGCGUGGAUAUGGCACGCAAGUUUCUACCGGGCACCGUAAAUGUCCGACUACUCCUAUUCCGGCACGUCCACGUCGUGCAGAGCGGUAACAUGCGUUACUAGGGGUGCAAGAGCUCUUUUUGAGGAGGAGCUCUUUUUGCUGCACUAGUUGCAUCAGAUGGUAACGCAUGGCUAAGCCGGAAAGGGGGAGAC
"N47G,N48U,N49G,N50U",0.0298248656147043,UAAUACGACUCACUAUAGGGCCGCGACUCUAGAAGUGAUGCUCUGCGUGUAUAAUCGCGUGGAUAUGGCACGCAAGUUUCUACCGGGCACCGUAAAUGUCCGACUACUCCUAUUCCGGCACGUCCACGUCGUGCAGAGCGGUAACAUGCGUUACUAGGGGUGCAAGAGCUCUUUUUGAGGAGGAGCUCUUUUUGCUGCACUAGUUGCAUCAGAUGGUAACGCAUGGCUAAGCCGGAAAGGGGGAGAC
"N47G,N48U,N49U,N50A",0.068418668,UAAUACGACUCACUAUAGGGCCGCGACUCUAGAAGUGAUGCUCUGCGUUAAUAAUCGCGUGGAUAUGGCACGCAAGUUUCUACCGGGCACCGUAAAUGUCCGACUACUCCUAUUCCGGCACGUCCACGUCGUGCAGAGCGGUAACAUGCGUUACUAGGGGUGCAAGAGCUCUUUUUGAGGAGGAGCUCUUUUUGCUGCACUAGUUGCAUCAGAUGGUAACGCAUGGCUAAGCCGGAAAGGGGGAGAC
"N47G,N48U,N49U,N50C",0.048450303,UAAUACGACUCACUAUAGGGCCGCGACUCUAGAAGUGAUGCUCUGCGUUCAUAAUCGCGUGGAUAUGGCACGCAAGUUUCUACCGGGCACCGUAAAUGUCCGACUACUCCUAUUCCGGCACGUCCACGUCGUGCAGAGCGGUAACAUGCGUUACUAGGGGUGCAAGAGCUCUUUUUGAGGAGGAGCUCUUUUUGCUGCACUAGUUGCAUCAGAUGGUAACGCAUGGCUAAGCCGGAAAGGGGGAGAC
"N47G,N48U,N49U,N50G",0.050497081,UAAUACGACUCACUAUAGGGCCGCGACUCUAGAAGUGAUGCUCUGCGUUGAUAAUCGCGUGGAUAUGGCACGCAAGUUUCUACCGGGCACCGUAAAUGUCCGACUACUCCUAUUCCGGCACGUCCACGUCGUGCAGAGCGGUAACAUGCGUUACUAGGGGUGCAAGAGCUCUUUUUGAGGAGGAGCUCUUUUUGCUGCACUAGUUGCAUCAGAUGGUAACGCAUGGCUAAGCCGGAAAGGGGGAGAC
"N47G,N48U,N49U,N50U",0.0552640783490731,UAAUACGACUCACUAUAGGGCCGCGACUCUAGAAGUGAUGCUCUGCGUUUAUAAUCGCGUGGAUAUGGCACGCAAGUUUCUACCGGGCACCGUAAAUGUCCGACUACUCCUAUUCCGGCACGUCCACGUCGUGCAGAGCGGUAACAUGCGUUACUAGGGGUGCAAGAGCUCUUUUUGAGGAGGAGCUCUUUUUGCUGCACUAGUUGCAUCAGAUGGUAACGCAUGGCUAAGCCGGAAAGGGGGAGAC
"N47U,N48A,N49A,N50A",0.3090437788018433,UAAUACGACUCACUAUAGGGCCGCGACUCUAGAAGUGAUGCUCUGCUAAAAUAAUCGCGUGGAUAUGGCACGCAAGUUUCUACCGGGCACCGUAAAUGUCCGACUACUCCUAUUCCGGCACGUCCACGUCGUGCAGAGCGGUAACAUGCGUUACUAGGGGUGCAAGAGCUCUUUUUGAGGAGGAGCUCUUUUUGCUGCACUAGUUGCAUCAGAUGGUAACGCAUGGCUAAGCCGGAAAGGGGGAGAC
"N47U,N48A,N49A,N50C",0.2522482014388489,UAAUACGACUCACUAUAGGGCCGCGACUCUAGAAGUGAUGCUCUGCUAACAUAAUCGCGUGGAUAUGGCACGCAAGUUUCUACCGGGCACCGUAAAUGUCCGACUACUCCUAUUCCGGCACGUCCACGUCGUGCAGAGCGGUAACAUGCGUUACUAGGGGUGCAAGAGCUCUUUUUGAGGAGGAGCUCUUUUUGCUGCACUAGUUGCAUCAGAUGGUAACGCAUGGCUAAGCCGGAAAGGGGGAGAC
"N47U,N48A,N49A,N50G",0.2725515463917525,UAAUACGACUCACUAUAGGGCCGCGACUCUAGAAGUGAUGCUCUGCUAAGAUAAUCGCGUGGAUAUGGCACGCAAGUUUCUACCGGGCACCGUAAAUGUCCGACUACUCCUAUUCCGGCACGUCCACGUCGUGCAGAGCGGUAACAUGCGUUACUAGGGGUGCAAGAGCUCUUUUUGAGGAGGAGCUCUUUUUGCUGCACUAGUUGCAUCAGAUGGUAACGCAUGGCUAAGCCGGAAAGGGGGAGAC
"N47U,N48A,N49A,N50U",0.2652273126206775,UAAUACGACUCACUAUAGGGCCGCGACUCUAGAAGUGAUGCUCUGCUAAUAUAAUCGCGUGGAUAUGGCACGCAAGUUUCUACCGGGCACCGUAAAUGUCCGACUACUCCUAUUCCGGCACGUCCACGUCGUGCAGAGCGGUAACAUGCGUUACUAGGGGUGCAAGAGCUCUUUUUGAGGAGGAGCUCUUUUUGCUGCACUAGUUGCAUCAGAUGGUAACGCAUGGCUAAGCCGGAAAGGGGGAGAC
"N47U,N48A,N49C,N50A",0.1304276852758733,UAAUACGACUCACUAUAGGGCCGCGACUCUAGAAGUGAUGCUCUGCUACAAUAAUCGCGUGGAUAUGGCACGCAAGUUUCUACCGGGCACCGUAAAUGUCCGACUACUCCUAUUCCGGCACGUCCACGUCGUGCAGAGCGGUAACAUGCGUUACUAGGGGUGCAAGAGCUCUUUUUGAGGAGGAGCUCUUUUUGCUGCACUAGUUGCAUCAGAUGGUAACGCAUGGCUAAGCCGGAAAGGGGGAGAC
"N47U,N48A,N49C,N50C",0.07576027,UAAUACGACUCACUAUAGGGCCGCGACUCUAGAAGUGAUGCUCUGCUACCAUAAUCGCGUGGAUAUGGCACGCAAGUUUCUACCGGGCACCGUAAAUGUCCGACUACUCCUAUUCCGGCACGUCCACGUCGUGCAGAGCGGUAACAUGCGUUACUAGGGGUGCAAGAGCUCUUUUUGAGGAGGAGCUCUUUUUGCUGCACUAGUUGCAUCAGAUGGUAACGCAUGGCUAAGCCGGAAAGGGGGAGAC
"N47U,N48A,N49C,N50G",0.054923911,UAAUACGACUCACUAUAGGGCCGCGACUCUAGAAGUGAUGCUCUGCUACGAUAAUCGCGUGGAUAUGGCACGCAAGUUUCUACCGGGCACCGUAAAUGUCCGACUACUCCUAUUCCGGCACGUCCACGUCGUGCAGAGCGGUAACAUGCGUUACUAGGGGUGCAAGAGCUCUUUUUGAGGAGGAGCUCUUUUUGCUGCACUAGUUGCAUCAGAUGGUAACGCAUGGCUAAGCCGGAAAGGGGGAGAC
"N47U,N48A,N49C,N50U",0.097122302,UAAUACGACUCACUAUAGGGCCGCGACUCUAGAAGUGAUGCUCUGCUACUAUAAUCGCGUGGAUAUGGCACGCAAGUUUCUACCGGGCACCGUAAAUGUCCGACUACUCCUAUUCCGGCACGUCCACGUCGUGCAGAGCGGUAACAUGCGUUACUAGGGGUGCAAGAGCUCUUUUUGAGGAGGAGCUCUUUUUGCUGCACUAGUUGCAUCAGAUGGUAACGCAUGGCUAAGCCGGAAAGGGGGAGAC
"N47U,N48A,N49G,N50A",0.1265588914549653,UAAUACGACUCACUAUAGGGCCGCGACUCUAGAAGUGAUGCUCUGCUAGAAUAAUCGCGUGGAUAUGGCACGCAAGUUUCUACCGGGCACCGUAAAUGUCCGACUACUCCUAUUCCGGCACGUCCACGUCGUGCAGAGCGGUAACAUGCGUUACUAGGGGUGCAAGAGCUCUUUUUGAGGAGGAGCUCUUUUUGCUGCACUAGUUGCAUCAGAUGGUAACGCAUGGCUAAGCCGGAAAGGGGGAGAC
"N47U,N48A,N49G,N50C",0.1093348033811098,UAAUACGACUCACUAUAGGGCCGCGACUCUAGAAGUGAUGCUCUGCUAGCAUAAUCGCGUGGAUAUGGCACGCAAGUUUCUACCGGGCACCGUAAAUGUCCGACUACUCCUAUUCCGGCACGUCCACGUCGUGCAGAGCGGUAACAUGCGUUACUAGGGGUGCAAGAGCUCUUUUUGAGGAGGAGCUCUUUUUGCUGCACUAGUUGCAUCAGAUGGUAACGCAUGGCUAAGCCGGAAAGGGGGAGAC
"N47U,N48A,N49G,N50G",0.1284532817174027,UAAUACGACUCACUAUAGGGCCGCGACUCUAGAAGUGAUGCUCUGCUAGGAUAAUCGCGUGGAUAUGGCACGCAAGUUUCUACCGGGCACCGUAAAUGUCCGACUACUCCUAUUCCGGCACGUCCACGUCGUGCAGAGCGGUAACAUGCGUUACUAGGGGUGCAAGAGCUCUUUUUGAGGAGGAGCUCUUUUUGCUGCACUAGUUGCAUCAGAUGGUAACGCAUGGCUAAGCCGGAAAGGGGGAGAC
"N47U,N48A,N49G,N50U",0.1287795992714025,UAAUACGACUCACUAUAGGGCCGCGACUCUAGAAGUGAUGCUCUGCUAGUAUAAUCGCGUGGAUAUGGCACGCAAGUUUCUACCGGGCACCGUAAAUGUCCGACUACUCCUAUUCCGGCACGUCCACGUCGUGCAGAGCGGUAACAUGCGUUACUAGGGGUGCAAGAGCUCUUUUUGAGGAGGAGCUCUUUUUGCUGCACUAGUUGCAUCAGAUGGUAACGCAUGGCUAAGCCGGAAAGGGGGAGAC
"N47U,N48A,N49U,N50A",0.1187772925764192,UAAUACGACUCACUAUAGGGCCGCGACUCUAGAAGUGAUGCUCUGCUAUAAUAAUCGCGUGGAUAUGGCACGCAAGUUUCUACCGGGCACCGUAAAUGUCCGACUACUCCUAUUCCGGCACGUCCACGUCGUGCAGAGCGGUAACAUGCGUUACUAGGGGUGCAAGAGCUCUUUUUGAGGAGGAGCUCUUUUUGCUGCACUAGUUGCAUCAGAUGGUAACGCAUGGCUAAGCCGGAAAGGGGGAGAC
"N47U,N48A,N49U,N50C",0.1146182679029394,UAAUACGACUCACUAUAGGGCCGCGACUCUAGAAGUGAUGCUCUGCUAUCAUAAUCGCGUGGAUAUGGCACGCAAGUUUCUACCGGGCACCGUAAAUGUCCGACUACUCCUAUUCCGGCACGUCCACGUCGUGCAGAGCGGUAACAUGCGUUACUAGGGGUGCAAGAGCUCUUUUUGAGGAGGAGCUCUUUUUGCUGCACUAGUUGCAUCAGAUGGUAACGCAUGGCUAAGCCGGAAAGGGGGAGAC
"N47U,N48A,N49U,N50G",0.096494214,UAAUACGACUCACUAUAGGGCCGCGACUCUAGAAGUGAUGCUCUGCUAUGAUAAUCGCGUGGAUAUGGCACGCAAGUUUCUACCGGGCACCGUAAAUGUCCGACUACUCCUAUUCCGGCACGUCCACGUCGUGCAGAGCGGUAACAUGCGUUACUAGGGGUGCAAGAGCUCUUUUUGAGGAGGAGCUCUUUUUGCUGCACUAGUUGCAUCAGAUGGUAACGCAUGGCUAAGCCGGAAAGGGGGAGAC
"N47U,N48A,N49U,N50U",0.1081247435371358,UAAUACGACUCACUAUAGGGCCGCGACUCUAGAAGUGAUGCUCUGCUAUUAUAAUCGCGUGGAUAUGGCACGCAAGUUUCUACCGGGCACCGUAAAUGUCCGACUACUCCUAUUCCGGCACGUCCACGUCGUGCAGAGCGGUAACAUGCGUUACUAGGGGUGCAAGAGCUCUUUUUGAGGAGGAGCUCUUUUUGCUGCACUAGUUGCAUCAGAUGGUAACGCAUGGCUAAGCCGGAAAGGGGGAGAC
"N47U,N48C,N49A,N50A",0.1589403973509933,UAAUACGACUCACUAUAGGGCCGCGACUCUAGAAGUGAUGCUCUGCUCAAAUAAUCGCGUGGAUAUGGCACGCAAGUUUCUACCGGGCACCGUAAAUGUCCGACUACUCCUAUUCCGGCACGUCCACGUCGUGCAGAGCGGUAACAUGCGUUACUAGGGGUGCAAGAGCUCUUUUUGAGGAGGAGCUCUUUUUGCUGCACUAGUUGCAUCAGAUGGUAACGCAUGGCUAAGCCGGAAAGGGGGAGAC
"N47U,N48C,N49A,N50C",0.097504718,UAAUACGACUCACUAUAGGGCCGCGACUCUAGAAGUGAUGCUCUGCUCACAUAAUCGCGUGGAUAUGGCACGCAAGUUUCUACCGGGCACCGUAAAUGUCCGACUACUCCUAUUCCGGCACGUCCACGUCGUGCAGAGCGGUAACAUGCGUUACUAGGGGUGCAAGAGCUCUUUUUGAGGAGGAGCUCUUUUUGCUGCACUAGUUGCAUCAGAUGGUAACGCAUGGCUAAGCCGGAAAGGGGGAGAC
"N47U,N48C,N49A,N50G",0.1099242571373082,UAAUACGACUCACUAUAGGGCCGCGACUCUAGAAGUGAUGCUCUGCUCAGAUAAUCGCGUGGAUAUGGCACGCAAGUUUCUACCGGGCACCGUAAAUGUCCGACUACUCCUAUUCCGGCACGUCCACGUCGUGCAGAGCGGUAACAUGCGUUACUAGGGGUGCAAGAGCUCUUUUUGAGGAGGAGCUCUUUUUGCUGCACUAGUUGCAUCAGAUGGUAACGCAUGGCUAAGCCGGAAAGGGGGAGAC
"N47U,N48C,N49A,N50U",0.1046077210460772,UAAUACGACUCACUAUAGGGCCGCGACUCUAGAAGUGAUGCUCUGCUCAUAUAAUCGCGUGGAUAUGGCACGCAAGUUUCUACCGGGCACCGUAAAUGUCCGACUACUCCUAUUCCGGCACGUCCACGUCGUGCAGAGCGGUAACAUGCGUUACUAGGGGUGCAAGAGCUCUUUUUGAGGAGGAGCUCUUUUUGCUGCACUAGUUGCAUCAGAUGGUAACGCAUGGCUAAGCCGGAAAGGGGGAGAC
"N47U,N48C,N49C,N50A",0.110610405571487,UAAUACGACUCACUAUAGGGCCGCGACUCUAGAAGUGAUGCUCUGCUCCAAUAAUCGCGUGGAUAUGGCACGCAAGUUUCUACCGGGCACCGUAAAUGUCCGACUACUCCUAUUCCGGCACGUCCACGUCGUGCAGAGCGGUAACAUGCGUUACUAGGGGUGCAAGAGCUCUUUUUGAGGAGGAGCUCUUUUUGCUGCACUAGUUGCAUCAGAUGGUAACGCAUGGCUAAGCCGGAAAGGGGGAGAC
"N47U,N48C,N49C,N50C",0.089306425,UAAUACGACUCACUAUAGGGCCGCGACUCUAGAAGUGAUGCUCUGCUCCCAUAAUCGCGUGGAUAUGGCACGCAAGUUUCUACCGGGCACCGUAAAUGUCCGACUACUCCUAUUCCGGCACGUCCACGUCGUGCAGAGCGGUAACAUGCGUUACUAGGGGUGCAAGAGCUCUUUUUGAGGAGGAGCUCUUUUUGCUGCACUAGUUGCAUCAGAUGGUAACGCAUGGCUAAGCCGGAAAGGGGGAGAC
"N47U,N48C,N49C,N50G",0.087517645,UAAUACGACUCACUAUAGGGCCGCGACUCUAGAAGUGAUGCUCUGCUCCGAUAAUCGCGUGGAUAUGGCACGCAAGUUUCUACCGGGCACCGUAAAUGUCCGACUACUCCUAUUCCGGCACGUCCACGUCGUGCAGAGCGGUAACAUGCGUUACUAGGGGUGCAAGAGCUCUUUUUGAGGAGGAGCUCUUUUUGCUGCACUAGUUGCAUCAGAUGGUAACGCAUGGCUAAGCCGGAAAGGGGGAGAC
"N47U,N48C,N49C,N50U",0.1007733204446592,UAAUACGACUCACUAUAGGGCCGCGACUCUAGAAGUGAUGCUCUGCUCCUAUAAUCGCGUGGAUAUGGCACGCAAGUUUCUACCGGGCACCGUAAAUGUCCGACUACUCCUAUUCCGGCACGUCCACGUCGUGCAGAGCGGUAACAUGCGUUACUAGGGGUGCAAGAGCUCUUUUUGAGGAGGAGCUCUUUUUGCUGCACUAGUUGCAUCAGAUGGUAACGCAUGGCUAAGCCGGAAAGGGGGAGAC
"N47U,N48C,N49G,N50A",0.061602762,UAAUACGACUCACUAUAGGGCCGCGACUCUAGAAGUGAUGCUCUGCUCGAAUAAUCGCGUGGAUAUGGCACGCAAGUUUCUACCGGGCACCGUAAAUGUCCGACUACUCCUAUUCCGGCACGUCCACGUCGUGCAGAGCGGUAACAUGCGUUACUAGGGGUGCAAGAGCUCUUUUUGAGGAGGAGCUCUUUUUGCUGCACUAGUUGCAUCAGAUGGUAACGCAUGGCUAAGCCGGAAAGGGGGAGAC
"N47U,N48C,N49G,N50C",0.065429024,UAAUACGACUCACUAUAGGGCCGCGACUCUAGAAGUGAUGCUCUGCUCGCAUAAUCGCGUGGAUAUGGCACGCAAGUUUCUACCGGGCACCGUAAAUGUCCGACUACUCCUAUUCCGGCACGUCCACGUCGUGCAGAGCGGUAACAUGCGUUACUAGGGGUGCAAGAGCUCUUUUUGAGGAGGAGCUCUUUUUGCUGCACUAGUUGCAUCAGAUGGUAACGCAUGGCUAAGCCGGAAAGGGGGAGAC
"N47U,N48C,N49G,N50G",0.063293819,UAAUACGACUCACUAUAGGGCCGCGACUCUAGAAGUGAUGCUCUGCUCGGAUAAUCGCGUGGAUAUGGCACGCAAGUUUCUACCGGGCACCGUAAAUGUCCGACUACUCCUAUUCCGGCACGUCCACGUCGUGCAGAGCGGUAACAUGCGUUACUAGGGGUGCAAGAGCUCUUUUUGAGGAGGAGCUCUUUUUGCUGCACUAGUUGCAUCAGAUGGUAACGCAUGGCUAAGCCGGAAAGGGGGAGAC
"N47U,N48C,N49G,N50U",0.066598985,UAAUACGACUCACUAUAGGGCCGCGACUCUAGAAGUGAUGCUCUGCUCGUAUAAUCGCGUGGAUAUGGCACGCAAGUUUCUACCGGGCACCGUAAAUGUCCGACUACUCCUAUUCCGGCACGUCCACGUCGUGCAGAGCGGUAACAUGCGUUACUAGGGGUGCAAGAGCUCUUUUUGAGGAGGAGCUCUUUUUGCUGCACUAGUUGCAUCAGAUGGUAACGCAUGGCUAAGCCGGAAAGGGGGAGAC
"N47U,N48C,N49U,N50A",0.1055017514939212,UAAUACGACUCACUAUAGGGCCGCGACUCUAGAAGUGAUGCUCUGCUCUAAUAAUCGCGUGGAUAUGGCACGCAAGUUUCUACCGGGCACCGUAAAUGUCCGACUACUCCUAUUCCGGCACGUCCACGUCGUGCAGAGCGGUAACAUGCGUUACUAGGGGUGCAAGAGCUCUUUUUGAGGAGGAGCUCUUUUUGCUGCACUAGUUGCAUCAGAUGGUAACGCAUGGCUAAGCCGGAAAGGGGGAGAC
"N47U,N48C,N49U,N50C",0.1183533447684391,UAAUACGACUCACUAUAGGGCCGCGACUCUAGAAGUGAUGCUCUGCUCUCAUAAUCGCGUGGAUAUGGCACGCAAGUUUCUACCGGGCACCGUAAAUGUCCGACUACUCCUAUUCCGGCACGUCCACGUCGUGCAGAGCGGUAACAUGCGUUACUAGGGGUGCAAGAGCUCUUUUUGAGGAGGAGCUCUUUUUGCUGCACUAGUUGCAUCAGAUGGUAACGCAUGGCUAAGCCGGAAAGGGGGAGAC
"N47U,N48C,N49U,N50G",0.059984004,UAAUACGACUCACUAUAGGGCCGCGACUCUAGAAGUGAUGCUCUGCUCUGAUAAUCGCGUGGAUAUGGCACGCAAGUUUCUACCGGGCACCGUAAAUGUCCGACUACUCCUAUUCCGGCACGUCCACGUCGUGCAGAGCGGUAACAUGCGUUACUAGGGGUGCAAGAGCUCUUUUUGAGGAGGAGCUCUUUUUGCUGCACUAGUUGCAUCAGAUGGUAACGCAUGGCUAAGCCGGAAAGGGGGAGAC
"N47U,N48C,N49U,N50U",0.1032441392375088,UAAUACGACUCACUAUAGGGCCGCGACUCUAGAAGUGAUGCUCUGCUCUUAUAAUCGCGUGGAUAUGGCACGCAAGUUUCUACCGGGCACCGUAAAUGUCCGACUACUCCUAUUCCGGCACGUCCACGUCGUGCAGAGCGGUAACAUGCGUUACUAGGGGUGCAAGAGCUCUUUUUGAGGAGGAGCUCUUUUUGCUGCACUAGUUGCAUCAGAUGGUAACGCAUGGCUAAGCCGGAAAGGGGGAGAC
"N47U,N48G,N49A,N50A",0.2164,UAAUACGACUCACUAUAGGGCCGCGACUCUAGAAGUGAUGCUCUGCUGAAAUAAUCGCGUGGAUAUGGCACGCAAGUUUCUACCGGGCACCGUAAAUGUCCGACUACUCCUAUUCCGGCACGUCCACGUCGUGCAGAGCGGUAACAUGCGUUACUAGGGGUGCAAGAGCUCUUUUUGAGGAGGAGCUCUUUUUGCUGCACUAGUUGCAUCAGAUGGUAACGCAUGGCUAAGCCGGAAAGGGGGAGAC
"N47U,N48G,N49A,N50C",0.1582962492053401,UAAUACGACUCACUAUAGGGCCGCGACUCUAGAAGUGAUGCUCUGCUGACAUAAUCGCGUGGAUAUGGCACGCAAGUUUCUACCGGGCACCGUAAAUGUCCGACUACUCCUAUUCCGGCACGUCCACGUCGUGCAGAGCGGUAACAUGCGUUACUAGGGGUGCAAGAGCUCUUUUUGAGGAGGAGCUCUUUUUGCUGCACUAGUUGCAUCAGAUGGUAACGCAUGGCUAAGCCGGAAAGGGGGAGAC
"N47U,N48G,N49A,N50G",0.1796184271754304,UAAUACGACUCACUAUAGGGCCGCGACUCUAGAAGUGAUGCUCUGCUGAGAUAAUCGCGUGGAUAUGGCACGCAAGUUUCUACCGGGCACCGUAAAUGUCCGACUACUCCUAUUCCGGCACGUCCACGUCGUGCAGAGCGGUAACAUGCGUUACUAGGGGUGCAAGAGCUCUUUUUGAGGAGGAGCUCUUUUUGCUGCACUAGUUGCAUCAGAUGGUAACGCAUGGCUAAGCCGGAAAGGGGGAGAC
"N47U,N48G,N49A,N50U",0.1553429027113237,UAAUACGACUCACUAUAGGGCCGCGACUCUAGAAGUGAUGCUCUGCUGAUAUAAUCGCGUGGAUAUGGCACGCAAGUUUCUACCGGGCACCGUAAAUGUCCGACUACUCCUAUUCCGGCACGUCCACGUCGUGCAGAGCGGUAACAUGCGUUACUAGGGGUGCAAGAGCUCUUUUUGAGGAGGAGCUCUUUUUGCUGCACUAGUUGCAUCAGAUGGUAACGCAUGGCUAAGCCGGAAAGGGGGAGAC
"N47U,N48G,N49C,N50A",0.099243206,UAAUACGACUCACUAUAGGGCCGCGACUCUAGAAGUGAUGCUCUGCUGCAAUAAUCGCGUGGAUAUGGCACGCAAGUUUCUACCGGGCACCGUAAAUGUCCGACUACUCCUAUUCCGGCACGUCCACGUCGUGCAGAGCGGUAACAUGCGUUACUAGGGGUGCAAGAGCUCUUUUUGAGGAGGAGCUCUUUUUGCUGCACUAGUUGCAUCAGAUGGUAACGCAUGGCUAAGCCGGAAAGGGGGAGAC
"N47U,N48G,N49C,N50C",0.0155290718671,UAAUACGACUCACUAUAGGGCCGCGACUCUAGAAGUGAUGCUCUGCUGCCAUAAUCGCGUGGAUAUGGCACGCAAGUUUCUACCGGGCACCGUAAAUGUCCGACUACUCCUAUUCCGGCACGUCCACGUCGUGCAGAGCGGUAACAUGCGUUACUAGGGGUGCAAGAGCUCUUUUUGAGGAGGAGCUCUUUUUGCUGCACUAGUUGCAUCAGAUGGUAACGCAUGGCUAAGCCGGAAAGGGGGAGAC
"N47U,N48G,N49C,N50G",0.0611212305201376,UAAUACGACUCACUAUAGGGCCGCGACUCUAGAAGUGAUGCUCUGCUGCGAUAAUCGCGUGGAUAUGGCACGCAAGUUUCUACCGGGCACCGUAAAUGUCCGACUACUCCUAUUCCGGCACGUCCACGUCGUGCAGAGCGGUAACAUGCGUUACUAGGGGUGCAAGAGCUCUUUUUGAGGAGGAGCUCUUUUUGCUGCACUAGUUGCAUCAGAUGGUAACGCAUGGCUAAGCCGGAAAGGGGGAGAC
"N47U,N48G,N49C,N50U",0.052168699,UAAUACGACUCACUAUAGGGCCGCGACUCUAGAAGUGAUGCUCUGCUGCUAUAAUCGCGUGGAUAUGGCACGCAAGUUUCUACCGGGCACCGUAAAUGUCCGACUACUCCUAUUCCGGCACGUCCACGUCGUGCAGAGCGGUAACAUGCGUUACUAGGGGUGCAAGAGCUCUUUUUGAGGAGGAGCUCUUUUUGCUGCACUAGUUGCAUCAGAUGGUAACGCAUGGCUAAGCCGGAAAGGGGGAGAC
"N47U,N48G,N49G,N50A",0.1213186813186813,UAAUACGACUCACUAUAGGGCCGCGACUCUAGAAGUGAUGCUCUGCUGGAAUAAUCGCGUGGAUAUGGCACGCAAGUUUCUACCGGGCACCGUAAAUGUCCGACUACUCCUAUUCCGGCACGUCCACGUCGUGCAGAGCGGUAACAUGCGUUACUAGGGGUGCAAGAGCUCUUUUUGAGGAGGAGCUCUUUUUGCUGCACUAGUUGCAUCAGAUGGUAACGCAUGGCUAAGCCGGAAAGGGGGAGAC
"N47U,N48G,N49G,N50C",0.1072555205047318,UAAUACGACUCACUAUAGGGCCGCGACUCUAGAAGUGAUGCUCUGCUGGCAUAAUCGCGUGGAUAUGGCACGCAAGUUUCUACCGGGCACCGUAAAUGUCCGACUACUCCUAUUCCGGCACGUCCACGUCGUGCAGAGCGGUAACAUGCGUUACUAGGGGUGCAAGAGCUCUUUUUGAGGAGGAGCUCUUUUUGCUGCACUAGUUGCAUCAGAUGGUAACGCAUGGCUAAGCCGGAAAGGGGGAGAC
"N47U,N48G,N49G,N50G",0.099111415,UAAUACGACUCACUAUAGGGCCGCGACUCUAGAAGUGAUGCUCUGCUGGGAUAAUCGCGUGGAUAUGGCACGCAAGUUUCUACCGGGCACCGUAAAUGUCCGACUACUCCUAUUCCGGCACGUCCACGUCGUGCAGAGCGGUAACAUGCGUUACUAGGGGUGCAAGAGCUCUUUUUGAGGAGGAGCUCUUUUUGCUGCACUAGUUGCAUCAGAUGGUAACGCAUGGCUAAGCCGGAAAGGGGGAGAC
"N47U,N48G,N49G,N50U",0.1023214285714285,UAAUACGACUCACUAUAGGGCCGCGACUCUAGAAGUGAUGCUCUGCUGGUAUAAUCGCGUGGAUAUGGCACGCAAGUUUCUACCGGGCACCGUAAAUGUCCGACUACUCCUAUUCCGGCACGUCCACGUCGUGCAGAGCGGUAACAUGCGUUACUAGGGGUGCAAGAGCUCUUUUUGAGGAGGAGCUCUUUUUGCUGCACUAGUUGCAUCAGAUGGUAACGCAUGGCUAAGCCGGAAAGGGGGAGAC
"N47U,N48G,N49U,N50A",0.1044608472400513,UAAUACGACUCACUAUAGGGCCGCGACUCUAGAAGUGAUGCUCUGCUGUAAUAAUCGCGUGGAUAUGGCACGCAAGUUUCUACCGGGCACCGUAAAUGUCCGACUACUCCUAUUCCGGCACGUCCACGUCGUGCAGAGCGGUAACAUGCGUUACUAGGGGUGCAAGAGCUCUUUUUGAGGAGGAGCUCUUUUUGCUGCACUAGUUGCAUCAGAUGGUAACGCAUGGCUAAGCCGGAAAGGGGGAGAC
"N47U,N48G,N49U,N50C",0.041977246,UAAUACGACUCACUAUAGGGCCGCGACUCUAGAAGUGAUGCUCUGCUGUCAUAAUCGCGUGGAUAUGGCACGCAAGUUUCUACCGGGCACCGUAAAUGUCCGACUACUCCUAUUCCGGCACGUCCACGUCGUGCAGAGCGGUAACAUGCGUUACUAGGGGUGCAAGAGCUCUUUUUGAGGAGGAGCUCUUUUUGCUGCACUAGUUGCAUCAGAUGGUAACGCAUGGCUAAGCCGGAAAGGGGGAGAC
"N47U,N48G,N49U,N50G",0.079216074,UAAUACGACUCACUAUAGGGCCGCGACUCUAGAAGUGAUGCUCUGCUGUGAUAAUCGCGUGGAUAUGGCACGCAAGUUUCUACCGGGCACCGUAAAUGUCCGACUACUCCUAUUCCGGCACGUCCACGUCGUGCAGAGCGGUAACAUGCGUUACUAGGGGUGCAAGAGCUCUUUUUGAGGAGGAGCUCUUUUUGCUGCACUAGUUGCAUCAGAUGGUAACGCAUGGCUAAGCCGGAAAGGGGGAGAC
"N47U,N48G,N49U,N50U",0.077809798,UAAUACGACUCACUAUAGGGCCGCGACUCUAGAAGUGAUGCUCUGCUGUUAUAAUCGCGUGGAUAUGGCACGCAAGUUUCUACCGGGCACCGUAAAUGUCCGACUACUCCUAUUCCGGCACGUCCACGUCGUGCAGAGCGGUAACAUGCGUUACUAGGGGUGCAAGAGCUCUUUUUGAGGAGGAGCUCUUUUUGCUGCACUAGUUGCAUCAGAUGGUAACGCAUGGCUAAGCCGGAAAGGGGGAGAC
"N47U,N48U,N49A,N50A",0.1688475484786378,UAAUACGACUCACUAUAGGGCCGCGACUCUAGAAGUGAUGCUCUGCUUAAAUAAUCGCGUGGAUAUGGCACGCAAGUUUCUACCGGGCACCGUAAAUGUCCGACUACUCCUAUUCCGGCACGUCCACGUCGUGCAGAGCGGUAACAUGCGUUACUAGGGGUGCAAGAGCUCUUUUUGAGGAGGAGCUCUUUUUGCUGCACUAGUUGCAUCAGAUGGUAACGCAUGGCUAAGCCGGAAAGGGGGAGAC
"N47U,N48U,N49A,N50C",0.1169354838709677,UAAUACGACUCACUAUAGGGCCGCGACUCUAGAAGUGAUGCUCUGCUUACAUAAUCGCGUGGAUAUGGCACGCAAGUUUCUACCGGGCACCGUAAAUGUCCGACUACUCCUAUUCCGGCACGUCCACGUCGUGCAGAGCGGUAACAUGCGUUACUAGGGGUGCAAGAGCUCUUUUUGAGGAGGAGCUCUUUUUGCUGCACUAGUUGCAUCAGAUGGUAACGCAUGGCUAAGCCGGAAAGGGGGAGAC
"N47U,N48U,N49A,N50G",0.1065558966949611,UAAUACGACUCACUAUAGGGCCGCGACUCUAGAAGUGAUGCUCUGCUUAGAUAAUCGCGUGGAUAUGGCACGCAAGUUUCUACCGGGCACCGUAAAUGUCCGACUACUCCUAUUCCGGCACGUCCACGUCGUGCAGAGCGGUAACAUGCGUUACUAGGGGUGCAAGAGCUCUUUUUGAGGAGGAGCUCUUUUUGCUGCACUAGUUGCAUCAGAUGGUAACGCAUGGCUAAGCCGGAAAGGGGGAGAC
"N47U,N48U,N49A,N50U",0.1214775323686214,UAAUACGACUCACUAUAGGGCCGCGACUCUAGAAGUGAUGCUCUGCUUAUAUAAUCGCGUGGAUAUGGCACGCAAGUUUCUACCGGGCACCGUAAAUGUCCGACUACUCCUAUUCCGGCACGUCCACGUCGUGCAGAGCGGUAACAUGCGUUACUAGGGGUGCAAGAGCUCUUUUUGAGGAGGAGCUCUUUUUGCUGCACUAGUUGCAUCAGAUGGUAACGCAUGGCUAAGCCGGAAAGGGGGAGAC
"N47U,N48U,N49C,N50A",0.123845139,UAAUACGACUCACUAUAGGGCCGCGACUCUAGAAGUGAUGCUCUGCUUCAAUAAUCGCGUGGAUAUGGCACGCAAGUUUCUACCGGGCACCGUAAAUGUCCGACUACUCCUAUUCCGGCACGUCCACGUCGUGCAGAGCGGUAACAUGCGUUACUAGGGGUGCAAGAGCUCUUUUUGAGGAGGAGCUCUUUUUGCUGCACUAGUUGCAUCAGAUGGUAACGCAUGGCUAAGCCGGAAAGGGGGAGAC
"N47U,N48U,N49C,N50C",0.085264133,UAAUACGACUCACUAUAGGGCCGCGACUCUAGAAGUGAUGCUCUGCUUCCAUAAUCGCGUGGAUAUGGCACGCAAGUUUCUACCGGGCACCGUAAAUGUCCGACUACUCCUAUUCCGGCACGUCCACGUCGUGCAGAGCGGUAACAUGCGUUACUAGGGGUGCAAGAGCUCUUUUUGAGGAGGAGCUCUUUUUGCUGCACUAGUUGCAUCAGAUGGUAACGCAUGGCUAAGCCGGAAAGGGGGAGAC
"N47U,N48U,N49C,N50G",0.088499763,UAAUACGACUCACUAUAGGGCCGCGACUCUAGAAGUGAUGCUCUGCUUCGAUAAUCGCGUGGAUAUGGCACGCAAGUUUCUACCGGGCACCGUAAAUGUCCGACUACUCCUAUUCCGGCACGUCCACGUCGUGCAGAGCGGUAACAUGCGUUACUAGGGGUGCAAGAGCUCUUUUUGAGGAGGAGCUCUUUUUGCUGCACUAGUUGCAUCAGAUGGUAACGCAUGGCUAAGCCGGAAAGGGGGAGAC
"N47U,N48U,N49C,N50U",0.073450135,UAAUACGACUCACUAUAGGGCCGCGACUCUAGAAGUGAUGCUCUGCUUCUAUAAUCGCGUGGAUAUGGCACGCAAGUUUCUACCGGGCACCGUAAAUGUCCGACUACUCCUAUUCCGGCACGUCCACGUCGUGCAGAGCGGUAACAUGCGUUACUAGGGGUGCAAGAGCUCUUUUUGAGGAGGAGCUCUUUUUGCUGCACUAGUUGCAUCAGAUGGUAACGCAUGGCUAAGCCGGAAAGGGGGAGAC
"N47U,N48U,N49G,N50A",0.122166617603768,UAAUACGACUCACUAUAGGGCCGCGACUCUAGAAGUGAUGCUCUGCUUGAAUAAUCGCGUGGAUAUGGCACGCAAGUUUCUACCGGGCACCGUAAAUGUCCGACUACUCCUAUUCCGGCACGUCCACGUCGUGCAGAGCGGUAACAUGCGUUACUAGGGGUGCAAGAGCUCUUUUUGAGGAGGAGCUCUUUUUGCUGCACUAGUUGCAUCAGAUGGUAACGCAUGGCUAAGCCGGAAAGGGGGAGAC
"N47U,N48U,N49G,N50C",0.085531136,UAAUACGACUCACUAUAGGGCCGCGACUCUAGAAGUGAUGCUCUGCUUGCAUAAUCGCGUGGAUAUGGCACGCAAGUUUCUACCGGGCACCGUAAAUGUCCGACUACUCCUAUUCCGGCACGUCCACGUCGUGCAGAGCGGUAACAUGCGUUACUAGGGGUGCAAGAGCUCUUUUUGAGGAGGAGCUCUUUUUGCUGCACUAGUUGCAUCAGAUGGUAACGCAUGGCUAAGCCGGAAAGGGGGAGAC
"N47U,N48U,N49G,N50G",0.1085786073223259,UAAUACGACUCACUAUAGGGCCGCGACUCUAGAAGUGAUGCUCUGCUUGGAUAAUCGCGUGGAUAUGGCACGCAAGUUUCUACCGGGCACCGUAAAUGUCCGACUACUCCUAUUCCGGCACGUCCACGUCGUGCAGAGCGGUAACAUGCGUUACUAGGGGUGCAAGAGCUCUUUUUGAGGAGGAGCUCUUUUUGCUGCACUAGUUGCAUCAGAUGGUAACGCAUGGCUAAGCCGGAAAGGGGGAGAC
"N47U,N48U,N49G,N50U",0.1103697024346258,UAAUACGACUCACUAUAGGGCCGCGACUCUAGAAGUGAUGCUCUGCUUGUAUAAUCGCGUGGAUAUGGCACGCAAGUUUCUACCGGGCACCGUAAAUGUCCGACUACUCCUAUUCCGGCACGUCCACGUCGUGCAGAGCGGUAACAUGCGUUACUAGGGGUGCAAGAGCUCUUUUUGAGGAGGAGCUCUUUUUGCUGCACUAGUUGCAUCAGAUGGUAACGCAUGGCUAAGCCGGAAAGGGGGAGAC
"N47U,N48U,N49U,N50A",0.1262266692322493,UAAUACGACUCACUAUAGGGCCGCGACUCUAGAAGUGAUGCUCUGCUUUAAUAAUCGCGUGGAUAUGGCACGCAAGUUUCUACCGGGCACCGUAAAUGUCCGACUACUCCUAUUCCGGCACGUCCACGUCGUGCAGAGCGGUAACAUGCGUUACUAGGGGUGCAAGAGCUCUUUUUGAGGAGGAGCUCUUUUUGCUGCACUAGUUGCAUCAGAUGGUAACGCAUGGCUAAGCCGGAAAGGGGGAGAC
"N47U,N48U,N49U,N50C",0.1013815090329436,UAAUACGACUCACUAUAGGGCCGCGACUCUAGAAGUGAUGCUCUGCUUUCAUAAUCGCGUGGAUAUGGCACGCAAGUUUCUACCGGGCACCGUAAAUGUCCGACUACUCCUAUUCCGGCACGUCCACGUCGUGCAGAGCGGUAACAUGCGUUACUAGGGGUGCAAGAGCUCUUUUUGAGGAGGAGCUCUUUUUGCUGCACUAGUUGCAUCAGAUGGUAACGCAUGGCUAAGCCGGAAAGGGGGAGAC
"N47U,N48U,N49U,N50G",0.08948165,UAAUACGACUCACUAUAGGGCCGCGACUCUAGAAGUGAUGCUCUGCUUUGAUAAUCGCGUGGAUAUGGCACGCAAGUUUCUACCGGGCACCGUAAAUGUCCGACUACUCCUAUUCCGGCACGUCCACGUCGUGCAGAGCGGUAACAUGCGUUACUAGGGGUGCAAGAGCUCUUUUUGAGGAGGAGCUCUUUUUGCUGCACUAGUUGCAUCAGAUGGUAACGCAUGGCUAAGCCGGAAAGGGGGAGAC
"N47U,N48U,N49U,N50U",0.099328548,UAAUACGACUCACUAUAGGGCCGCGACUCUAGAAGUGAUGCUCUGCUUUUAUAAUCGCGUGGAUAUGGCACGCAAGUUUCUACCGGGCACCGUAAAUGUCCGACUACUCCUAUUCCGGCACGUCCACGUCGUGCAGAGCGGUAACAUGCGUUACUAGGGGUGCAAGAGCUCUUUUUGAGGAGGAGCUCUUUUUGCUGCACUAGUUGCAUCAGAUGGUAACGCAUGGCUAAGCCGGAAAGGGGGAGAC
